rs4129148-C,X:1029445
rs7341475-G,7:103764368
rs11064768-A,12:119380704
rs2159767-?,X:148299501
rs9512730-?,13:27503007
rs151222-?,16:20663170
rs16977195-?,15:86441009
rs4846033-?,1:11728507
rs10911902-?,1:186663185
rs7192086-T,16:12967754
rs1602565-C,11:29140589
rs1344706-T,2:184913701
rs245201-?,5:127833520
rs10133111-?,14:102910984
rs9491640-?,6:98471388
rs2088885-?,3:171253502
rs9836484-?,3:77995538
rs1574192-?,2:240369088
rs13194053-T,6:27176104
rs9272219-G,6:32634492
rs17594526-T,18:55391007
rs13194053-T,6:27176104
rs7544736-G,1:96698787
rs6782299-T,3:180832914
rs3131296-G,6:32205216
rs2312147-C,2:57995793
rs9960767-C,18:55487771
rs1502844-C,5:102523613
rs6932590-T,6:27281152
rs1572299-A,9:118584139
rs12807809-T,11:124736389
rs433598-T,16:20668884
rs7045881-?,9:26935998
rs10761482-?,10:60325579
rs7017212-?,8:10165428
rs17039583-?,4:108959574
rs17407555-?,4:10273370
rs1412115-?,10:33799125
rs4803480-A,19:41559909
rs4356203-?,11:17138601
rs1009080-?,1:29958713
rs11130874-?,3:62079095
rs6703335-?,1:243445665
rs13025591-?,2:235886699
rs2239547-?,3:52821213
rs4624519-?,3:36821489
rs1869901-?,15:40303426
rs17512836-C,18:55527730
rs12699131-?,7:72286331
rs10503253-A,8:4323322
rs7004633-A,8:88748082
rs2021722-C,6:30206354
rs10894294-?,11:130960853
rs16915157-?,10:60586880
rs7914558-G,10:103016151
rs11191580-T,10:103146454
rs548181-G,11:125591814
rs4765905-?,12:2240418
rs4775413-?,15:61547904
rs12966547-G,18:55084786
rs2252865-?,1:8362616
rs1625579-T,1:98037378
rs17662626-A,2:193119895
rs1879248-?,3:180833426
rs1635-?,6:28259826
rs11038167-?,11:44821583
rs10489202-A,1:167933841
rs16887244-?,8:38173827
rs11265461-C,1:160660353
rs230529-T,4:102536261
rs13025591-?,2:235886699
rs17597926-?,12:2240418
rs4765905-?,12:2240418
rs11191580-?,10:103146454
rs12592967-?,15:61578744
rs10894294-?,11:130960853
rs1198588-?,1:98087276
rs12071951-?,1:96648359
rs12666575-?,7:1964786
rs7709645-?,5:61435631
rs7004633-?,8:88748082
rs11220082-?,11:125454069
rs16915157-?,10:60586880
rs10503256-?,8:4356657
rs17693963-?,6:27742386
rs17746001-T,4:179734472
rs17746001-?,4:179734472
rs886424-?,6:30814225
rs2054399-?,3:178623794
rs821470-A,16:57024670
rs1484642-C,8:10129145
rs181500-T,10:117422360
rs4262150-?,5:152908893
rs253959-T,5:116233060
rs2058710-A,2:206257058
rs7872515-?,9:92060258
rs3117099-?,6:32390493
rs2524005-?,6:29931900
rs2523722-G,6:30197496
rs9611198-C,22:39559868
rs3847375-?,10:21278636
rs12210050-?,6:475489
rs12426725-?,12:81449349
rs16869652-?,6:33883396
rs1170612-?,2:124225479
rs2726807-?,4:182216245
rs16934812-?,12:29719385
rs2048485-?,18:44510702
rs10429924-?,1:244227262
rs12210050-?,6:475489
rs1170612-?,2:124225479
rs7527939-C,1:210362681
rs7233060-?,18:79632379
rs17206232-?,5:65137573
rs2323266-?,13:61391170
rs10900020-?,10:44331749
rs10052004-?,5:57370673
rs959770-?,4:2393570
rs11699237-?,20:57108940
rs1455244-?,18:11494200
rs7172342-?,15:61044243
rs4530903-?,6:32614112
rs1920592-?,12:114267781
rs4798896-?,18:78152922
rs489332-?,9:75413430
rs10924245-?,1:245570306
rs17290922-?,16:56990405
rs1351267-?,3:152045912
rs7902091-A,10:66838534
rs643410-A,9:109037283
rs583583-A,1:147611315
rs2860223-C,8:133656434
rs4757144-G,11:13309679
rs8057927-C,16:82659207
rs12922317-G,16:11983775
rs138880-C,22:49824963
rs4381823-?,2:47820196
rs17203055-?,3:119365484
rs589249-G,1:36696751
rs3132935-?,6:32203298
rs6917824-G,6:124021518
rs1261117-T,18:55282426
rs12611334-G,19:39738769
rs7930295-G,11:125443703
rs1046089-G,6:31635190
rs3132935-?,6:32203298
rs7897654-T,10:102902701
rs12140439-C,1:177753772
rs16897515-C,6:27310241
rs11731175-T,4:188940097
rs3132581-G,6:30945681
rs12576775-?,11:79366149
rs2021722-?,6:30206354
rs363598-C,21:29640839
rs7914558-?,10:103016151
rs703970-C,10:79193379
rs10503253-?,8:4323322
rs11827962-C,11:22291020
rs548181-?,11:125591814
rs11587682-C,1:150351808
rs7597593-T,2:184668853
rs6435387-G,2:149008736
rs10994397-?,10:60519366
rs10250997-C,7:136461788
rs4741652-T,9:2194227
rs6602217-T,10:6904301
rs1006737-?,12:2236129
rs8321-?,6:30064745
rs2252865-T,1:8362616
rs10860392-T,12:99104409
rs249954-A,16:23629146
rs9297357-T,8:105130105
rs6694545-A,1:29964421
rs9371601-?,6:152469438
rs1715-T,19:51991525
rs4650608-T,1:78772330
rs447-C,7:84143099
rs7799006-C,7:2238591
rs12966547-?,18:55084786
rs2675968-T,2:232871534
rs11191580-?,10:103146454
rs7948661-C,11:118470934
rs17662626-?,2:193119895
rs159788-G,20:4371457
rs6990255-T,8:34269430
rs9834970-C,3:36814539
rs7004633-?,8:88748082
rs7565792-C,2:48422566
rs7849973-?,9:22819577
rs1533087-T,20:614136
rs1107592-A,7:2001797
rs10994359-C,10:60462349
rs12325410-T,16:9581389
rs8058295-A,16:9817529
rs7254215-A,19:14602681
rs2799573-?,10:18312999
rs7700191-A,4:101668126
rs2721800-C,7:24652933
rs4730430-T,7:110407907
rs9275524-T,6:32707332
rs2609653-T,8:34379474
rs13072940-A,3:36801132
rs9951150-A,18:55153893
rs11152369-A,18:55399097
rs6765687-T,3:52699090
rs2535629-?,3:52799203
rs10873998-T,1:78798120
rs1104918-T,15:88180481
rs12443954-A,16:89675088
rs1625579-?,1:98037378
rs2310173-T,2:102047167
rs11191454-?,10:102900247
rs7069733-C,10:103538013
rs2186903-A,11:107885825
rs12871532-T,13:108016199
rs6867265-A,5:131078288
rs10255295-A,7:138174020
rs609412-A,5:146845681
rs360932-A,4:151987017
rs13418455-T,2:180212022
rs2297909-A,1:200991179
rs3791556-A,2:239191276
rs1480380-C,6:32945469
rs4427170-T,8:14996272
rs114002140-A,6:32464185
rs7085104-A,10:102869116
rs6461049-T,7:1977810
rs1198588-T,1:98087276
rs1006737-A,12:2236129
rs17691888-G,10:18445599
rs4129585-A,8:142231572
rs10789369-A,1:73359226
rs7940866-T,11:130947684
rs17504622-T,5:153274919
rs2905424-T,19:19362636
rs2373000-T,2:37365485
rs6878284-C,5:102434022
rs4687552-T,3:52804386
rs12991836-C,2:144383974
rs2949006-T,2:199850665
rs4801131-C,18:55085469
rs778371-G,2:232878399
rs14403-C,1:243500591
rs11532322-A,12:123246876
rs11995572-T,8:88579854
rs171748-A,5:61203304
rs4380187-A,2:184947213
rs4523957-T,17:2305605
rs6550435-G,3:36822998
rs1538774-G,1:243381525
rs2910032-C,5:153160794
rs4681346-?,3:147098924
rs7535475-?,1:161493797
rs2736871-?,8:133462834
rs16875288-?,5:5297087
rs7221595-?,17:4104300
rs2269372-A,X:153942092
rs9488343-?,6:114226817
rs10277664-?,7:139806781
rs11044045-?,12:18355318
rs6703335-?,1:243445665
rs2710323-?,3:52781889
rs17693963-?,6:27742386
rs4721295-?,7:1997034
rs6558872-?,8:4380617
rs11098403-G,4:117725752
rs1006737-?,12:2236129
rs17693963-?,6:27742386
rs10275045-?,7:1881190
rs10275045-?,7:1881190
rs4356203-?,11:17138601
rs4650608-?,1:78772330
rs1006737-?,12:2236129
rs17693963-?,6:27742386
rs9834970-?,3:36814539
rs7219021-?,17:48763179
rs4129585-A,8:142231572
rs11139497-A,9:82125026
rs7893279-T,10:18456176
rs11191419-T,10:102852578
rs11027857-A,11:24382074
rs9420-A,11:57742822
rs12421382-C,11:109507345
rs2514218-C,11:113522272
rs77502336-C,11:123523928
rs55661361-G,11:124744061
rs10791097-T,11:130848735
rs75059851-A,11:133952674
rs2007044-G,12:2235794
rs679087-C,12:29764332
rs12826178-G,12:57228588
rs4240748-G,12:91853010
rs10860964-T,12:103202677
rs4766428-T,12:110285440
rs2851447-G,12:123180566
rs2068012-C,14:29721110
rs2332700-C,14:71950609
rs2693698-G,14:99252882
rs12887734-T,14:103580497
rs56205728-A,15:40275036
rs12903146-A,15:61562464
rs9841616-T,3:181449797
rs4648845-T,1:2455662
rs35518360-T,4:102225733
rs11210892-A,1:43634413
rs1106568-G,4:175940150
rs1702294-C,1:98036428
rs4391122-G,5:61302716
rs6670165-T,1:177310985
rs4388249-T,5:109700365
rs77149735-A,1:243391803
rs111294930-A,5:152797561
rs3768644-G,2:72134376
rs115329265-A,6:28744470
rs11693094-C,2:184736693
rs117074560-C,6:96011775
rs6434928-G,2:197439853
rs6466055-A,7:105288617
rs11685299-C,2:224526579
rs7801375-G,7:131882504
rs3735025-T,7:137390098
rs10503253-A,8:4323322
rs73229090-C,8:27584610
rs6984242-G,8:59787910
rs7819570-T,8:88576397
rs36068923-G,8:110473532
rs211829-T,7:110408836
rs215411-A,4:23421980
rs1498232-T,1:29961104
rs10520163-T,4:169705401
rs12129573-A,1:73302683
rs1501357-C,5:45364773
rs140505938-T,1:150059494
rs16867576-A,5:89450514
rs7523273-A,1:207803738
rs3849046-T,5:138515503
rs11682175-C,2:57760458
rs11740474-T,5:154301187
rs2909457-G,2:161989345
rs1339227-C,6:72445999
rs59979824-C,2:192983614
rs12704290-G,7:86798310
rs6704641-A,2:199299529
rs13240464-T,7:111258859
rs6704768-G,2:232727791
rs17194490-T,3:2506102
rs4330281-C,3:17817874
rs75968099-T,3:36817092
rs2535627-T,3:52811089
rs832187-C,3:63847374
rs7432375-G,3:136569563
rs12148337-T,15:70296933
rs8042374-A,15:78615690
rs950169-C,15:84037709
rs4702-G,15:90883330
rs9922678-A,16:9852462
rs7405404-T,16:13656002
rs12691307-A,16:29928556
rs12325245-T,16:58647489
rs8044995-A,16:68155437
rs4523957-T,17:2305605
rs8082590-G,17:18055088
rs9636107-G,18:55532886
rs72934570-C,18:55865958
rs2905426-G,19:19367213
rs2053079-G,19:30496516
rs56873913-T,19:49587942
rs6065094-G,20:38824551
rs7267348-C,20:49514499
rs9607782-A,22:41191552
rs6002655-T,22:42207808
rs12845396-T,X:6111492
rs1378559-T,X:21362148
rs5937157-G,X:69157283
rs2237457-T,7:50658447
rs11871847-?,17:71285625
rs10170846-?,2:222652986
rs12369635-?,12:129076811
rs1009840-?,6:134225547
rs9862857-C,3:30453840
rs17673138-C,8:32840440
rs10968749-G,9:28752486
rs10405744-A,19:19948684
rs16935279-C,8:68961217
rs11829119-C,12:19040597
rs17066873-C,13:76889874
rs17790731-A,5:95647825
rs2302045-T,2:241081801
rs6586354-A,1:234897489
rs17154917-T,7:81207393
rs17158930-G,7:111871082
rs189918-C,1:6677152
rs190474885-C,10:103213560
rs55661361-G,11:124744061
rs55675132-C,1:115077013
rs55833108-T,10:102981826
rs55834529-A,6:27104763
rs56038139-G,3:154245185
rs56145559-T,2:73396311
rs56205728-A,15:40275036
rs56775891-T,18:79815613
rs56873913-T,19:49587942
rs5749696-C,22:21709048
rs57549656-G,19:2687653
rs5757717-C,22:39546229
rs5769765-G,22:49877528
rs582580-G,11:65004475
rs58605417-G,8:88282093
rs58950470-T,11:65616284
rs59888335-T,3:80610899
rs59979824-C,2:192983614
rs6002655-T,22:42207808
rs60037734-G,1:35213586
rs6019826-T,20:49426433
rs6035684-C,20:20754934
rs6065094-G,20:38824551
rs6065777-T,20:45041000
rs6095357-C,20:48907328
rs61021925-T,12:122379112
rs61712019-T,2:77477763
rs61747867-T,6:26272320
rs61765555-C,1:73492132
rs61826828-A,1:174046123
rs61847307-C,10:52184682
rs61867294-A,10:104809449
rs61903125-G,11:106620055
rs61935443-C,12:94855988
rs62055045-G,16:71362758
rs62064224-G,17:32308096
rs62200787-T,2:184862626
rs62244881-T,3:71519926
rs62296447-T,4:19361370
rs62355986-C,5:68360793
rs62378245-C,5:89448145
rs62392365-A,6:25371141
rs62402013-G,6:26947221
rs62544595-G,9:27135720
rs16914811-A,9:98314345
rs16937-A,1:205066327
rs17194490-T,3:2506102
rs16971465-C,16:72983162
rs1734907-A,7:100717894
rs17396122-G,2:47993197
rs1765142-A,11:30357012
rs17684571-C,6:56710873
rs17687067-C,8:17178692
rs17731-A,10:3779369
rs17766408-T,12:65791310
rs1805203-G,3:181056092
rs181900-C,5:88709751
rs1837495-G,2:198056477
rs183823891-T,2:25129331
rs185572712-G,5:60877688
rs1858740-C,3:38396881
rs1863824-G,10:86353182
rs1864774-C,11:83488233
rs187696124-T,6:32469754
rs1878874-T,3:181317582
rs4629607-G,5:44857365
rs4632195-T,18:53220378
rs4642619-A,8:110475239
rs4648845-T,1:2455662
rs4669297-T,2:8598773
rs4702-G,15:90883330
rs4711350-G,6:33773939
rs4727751-T,7:78707618
rs4733770-G,8:130140419
rs4740446-T,9:10255540
rs4744901-C,9:69472320
rs4766428-T,12:110285440
rs4776059-T,15:52594765
rs4879901-C,9:35519000
rs4955124-T,3:32021149
rs4968361-A,17:59425467
rs498154-G,1:96246965
rs4987094-A,11:113345201
rs504918-C,3:124364323
rs513088-G,1:166700699
rs514209-C,9:74727899
rs524732-A,6:150993705
rs533123-A,1:28814643
rs540425-T,7:44552473
rs114200269-T,6:30368886
rs1144403-A,11:104807143
rs114473235-A,6:32317765
rs114540395-T,10:101719305
rs114726755-T,1:197324293
rs11597473-G,10:103559284
rs11599218-G,10:104445317
rs11603151-A,11:134654555
rs11616416-A,13:29262114
rs11617058-T,13:84718977
rs11625793-G,14:65849165
rs11680328-T,2:17856540
rs11682175-C,2:57760458
rs11685299-C,2:224526579
rs11690935-G,2:171676795
rs11693094-C,2:184736693
rs117074560-C,6:96011775
rs11712112-A,3:128023522
rs11717383-G,3:52253452
rs11730701-G,4:24130930
rs117358016-A,13:96514229
rs11740474-T,5:154301187
rs117488988-A,6:95898699
rs117509195-G,11:60619545
rs117578877-T,12:13528544
rs117799466-C,15:34367316
rs11784536-A,8:143756977
rs11785400-T,8:142649072
rs11790388-G,9:126978004
rs11807834-A,1:230136877
rs118162387-G,11:113949306
rs11874716-T,18:55083457
rs1191551-T,14:29531199
rs11982256-T,7:87170125
rs12069356-A,1:154877295
rs1210898-T,1:43259573
rs12129719-A,1:65858829
rs12129731-T,1:98222135
rs12138061-A,1:50106424
rs12139672-G,1:190971497
rs12142465-C,1:8329994
rs12148337-T,15:70296933
rs12190758-G,6:92438623
rs12193070-A,6:68309831
rs12195417-C,6:83463309
rs12332385-T,5:127878652
rs12360997-G,11:24364023
rs12421382-C,11:109507345
rs12431204-A,13:37876098
rs12431410-C,14:59699304
rs2205299-T,21:16834310
rs2219089-T,2:122473221
rs2237436-C,7:41691333
rs2242194-G,1:155017821
rs2247419-G,5:90859597
rs227932-G,7:23584856
rs2293052-G,12:117277815
rs2298450-C,21:36251149
rs2306864-G,3:52359426
rs2332700-C,14:71950609
rs2358740-G,3:53421542
rs2381759-T,2:145670463
rs2391672-A,1:95456141
rs2413045-A,22:31269876
rs2429030-T,10:68991917
rs2470578-G,3:17288600
rs2514218-C,11:113522272
rs2535627-T,3:52811089
rs2540277-C,2:102809718
rs2565065-A,8:27470504
rs2581794-A,3:53002190
rs2596500-A,6:31353490
rs2660304-T,1:98046571
rs2693698-G,14:99252882
rs270776-G,19:54711025
rs72934570-C,18:55865958
rs72963233-C,18:34349283
rs72975629-C,3:135767692
rs72986630-T,19:11738921
rs7303433-G,12:23487545
rs73044404-G,12:2026283
rs73060317-T,7:21480594
rs7314326-A,12:23954663
rs73191547-T,8:10175915
rs73201076-C,7:111135343
rs73229090-C,8:27584610
rs73388146-G,6:25170440
rs73396800-G,6:32946949
rs73405966-T,7:102032019
rs7372960-T,3:71205600
rs7383287-A,6:32815309
rs7405404-T,16:13656002
rs74338693-G,2:165957215
rs74804370-C,8:34141053
rs75059851-A,11:133952674
rs75080020-T,3:115264809
rs7521492-A,1:163758686
rs7521837-T,1:154280384
rs7523273-A,1:207803738
rs7529073-C,1:213974546
rs876983-T,8:18550348
rs893949-C,11:134426490
rs9274623-G,6:32668221
rs9293741-A,5:78328190
rs9310732-A,3:24174066
rs9316337-G,13:21388068
rs9317639-C,13:67112708
rs9330316-A,2:109526659
rs9341835-C,6:63416275
rs9362395-T,6:87144623
rs9398171-C,6:108662324
rs9403484-T,6:143330832
rs9420-A,11:57742822
rs9461856-A,6:33427422
rs950169-C,15:84037709
rs9545047-A,13:79285321
rs9554348-T,13:96360101
rs956096-A,6:155683529
rs9584154-A,13:93774100
rs9595066-T,13:44132132
rs9607782-A,22:41191552
rs9607791-A,22:41298384
rs9611177-C,22:39444125
rs9631085-A,2:97220558
rs9636107-G,18:55532886
rs9650682-G,9:15457779
rs9665626-G,10:102540881
rs9677260-T,2:196463011
rs9695226-G,9:22759397
rs975752-A,10:100146576
rs9789483-A,2:58265210
rs9841616-T,3:181449797
rs9879311-T,3:10373659
rs9881798-C,3:16805459
rs9883949-C,3:114452543
rs989197-T,3:162197124
rs9908102-T,17:12993236
rs9908552-T,17:1394697
rs9922678-A,16:9852462
rs9924758-C,16:13522627
rs9990395-G,3:80420359
rs9267119-C,6:31456808
rs2296342-A,6:33659300
rs1267813-G,11:134111180
rs1001780-G,2:172107630
rs10106298-G,8:102676153
rs10124101-G,9:36308830
rs10148671-C,14:29000167
rs10218712-T,1:41366625
rs1023500-T,22:41944840
rs10967586-G,9:26895810
rs11004008-G,10:54025428
rs11006253-A,10:58759688
rs11039131-C,11:47210487
rs11044946-T,12:19928401
rs11063421-T,12:4949227
rs11064837-A,12:119579901
rs1106568-G,4:175940150
rs1108252-T,2:232688857
rs11104379-G,12:87266212
rs111294930-A,5:152797561
rs11139497-A,9:82125026
rs111547017-A,6:43373951
rs11156875-A,14:35150610
rs111803315-G,14:59498575
rs11191419-T,10:102852578
rs11215609-T,11:115593028
rs11231629-C,11:63881101
rs112509803-C,7:24695385
rs112537273-T,8:38390788
rs112627313-A,3:45288559
rs11264213-A,1:35818353
rs112973353-T,14:104071343
rs113731670-C,6:24738159
rs114042773-C,5:125639572
rs10262624-C,7:23876057
rs1033023-A,1:239045834
rs1033394-C,6:114392159
rs1040393-C,1:166892359
rs10425465-T,19:33407028
rs1042992-T,8:26411675
rs10446497-G,3:196819658
rs10503253-A,8:4323322
rs10520163-T,4:169705401
rs10745841-C,12:99099957
rs10777165-C,12:89447088
rs10783624-C,12:39129105
rs10788251-C,10:122142449
rs10791097-T,11:130848735
rs10838634-A,11:46908403
rs10849689-A,12:110055417
rs10853575-T,18:49033349
rs10860964-T,12:103202677
rs10862476-G,12:76740025
rs10878577-A,12:67200061
rs10883832-T,10:103111522
rs10890032-T,1:73323641
rs10891354-C,11:112392780
rs10932194-G,2:207465706
rs10967505-A,9:26737658
rs6424555-T,1:73616692
rs6430491-G,2:134083396
rs6434928-G,2:197439853
rs6466055-A,7:105288617
rs6468049-T,8:31484951
rs648516-T,13:38255485
rs6500602-T,16:4447450
rs6517329-A,21:36109179
rs6549358-G,3:70803555
rs6568685-A,6:111499910
rs66691851-C,3:136435986
rs6670165-T,1:177310985
rs6678676-C,1:200297375
rs6704641-A,2:199299529
rs6707588-T,2:219196879
rs6716963-A,2:193502815
rs6736848-T,2:155012155
rs67478160-C,14:103824337
rs67682613-G,6:31858928
rs679087-C,12:29764332
rs67981189-G,14:71005509
rs6800435-A,3:10762866
rs6825268-G,4:26781831
rs6868545-C,5:153115323
rs6878284-C,5:102434022
rs78944489-C,2:73191915
rs7901794-C,10:63118178
rs79090407-A,16:26505812
rs79169085-C,17:48220153
rs79193624-T,10:62240577
rs79212538-T,5:152613544
rs79258494-A,9:23576502
rs793571-A,15:58849507
rs7951870-C,11:46351761
rs79844775-C,2:209176663
rs79947808-G,7:128227402
rs80021942-C,3:161738174
rs8012642-C,14:84203137
rs8016982-C,14:81240713
rs8025470-A,15:33236067
rs80353807-G,10:62559780
rs8042374-A,15:78615690
rs8044995-A,16:68155437
rs8054347-A,16:6667756
rs8066384-C,17:80651956
rs8067545-C,17:20009397
rs8082590-G,17:18055088
rs8099121-A,18:4980409
rs8133932-C,21:45791171
rs832190-C,3:63856953
rs76869799-G,1:97368969
rs7688014-C,4:103053903
rs76939711-A,3:128468391
rs7712671-G,5:117201554
rs77149735-A,1:243391803
rs77221366-C,16:13018138
rs77421486-C,5:165690456
rs7742212-A,6:128007688
rs77502336-C,11:123523928
rs7779018-A,7:122310911
rs778371-G,2:232878399
rs77868089-A,13:39822000
rs7786896-T,7:39054328
rs7801375-G,7:131882504
rs78037194-G,1:240059390
rs7811528-G,7:2663182
rs78177980-G,15:92937233
rs7819570-T,8:88576397
rs78226650-A,2:58925919
rs783540-G,15:82585958
rs78381888-A,2:96835038
rs78392994-T,5:108953202
rs7875611-T,9:92916727
rs78901727-A,2:193755470
rs7893279-T,10:18456176
rs144223816-G,5:45835157
rs144373461-C,6:29783228
rs144447022-G,6:29276442
rs144960271-T,22:40993781
rs1451488-G,2:199125384
rs146797905-A,15:88215343
rs147897924-C,4:117923644
rs148114321-T,14:35744236
rs1482292-C,12:129333701
rs1483242-G,2:185179900
rs149110600-A,2:174376730
rs1498232-T,1:29961104
rs1499972-C,3:118000691
rs1501357-C,5:45364773
rs1506297-T,3:30030816
rs1509378-A,2:22531594
rs1516570-A,3:6963334
rs1521470-A,7:45607253
rs1524480-G,2:5322854
rs1546044-A,4:148411792
rs1561296-T,2:200443394
rs1565411-G,11:46207098
rs1682361-G,3:137015172
rs16831047-A,2:199145752
rs16863064-G,3:188169789
rs198160-G,16:24229404
rs1986112-A,15:63248373
rs1987778-T,14:71249146
rs2007044-G,12:2235794
rs2008905-T,11:17163076
rs2018916-C,16:63666604
rs2019872-C,17:2107024
rs2026714-G,9:7177284
rs2048656-A,8:9787149
rs2053079-G,19:30496516
rs2068012-C,14:29721110
rs207282-T,4:19107261
rs2072883-A,22:43039662
rs2077586-A,2:72934422
rs2094900-A,13:109614902
rs210152-A,6:33547743
rs2102949-G,12:123192216
rs211829-T,7:110408836
rs215411-A,4:23421980
rs2159292-C,17:11259875
rs2161300-T,5:168234157
rs216452-T,17:30556723
rs2185077-T,1:53379768
rs2189246-A,7:82815056
rs220519-T,20:38650612
rs13217797-T,6:25485786
rs13233308-C,7:87615644
rs13240464-T,7:111258859
rs13247936-G,7:8921233
rs13276960-G,8:102895776
rs1329313-T,13:34619885
rs13301469-C,9:3911353
rs133047-T,22:40631815
rs1335882-T,13:56258138
rs13358908-C,5:46349602
rs13376709-C,1:243527189
rs1339227-C,6:72445999
rs13424309-T,2:192861321
rs1351356-T,8:117587883
rs1353545-C,3:60302116
rs1360695-A,9:119786808
rs1367858-T,2:200296048
rs1389724-T,1:110814219
rs139283246-G,1:96655051
rs140130327-T,3:191623790
rs140505938-C,1:150059494
rs141216273-A,2:25376303
rs141308780-G,15:83591790
rs142089946-G,5:61495766
rs142453246-T,15:48862521
rs1914395-A,7:72374423
rs1941342-A,18:34015569
rs1962636-C,16:22053074
rs1974653-A,22:20146827
rs6917512-C,6:40860546
rs6918586-T,6:26097156
rs6919939-A,6:164553981
rs6953837-A,7:155227220
rs6981717-C,8:88176225
rs6984242-G,8:59787910
rs7002619-T,8:16208048
rs7008026-C,8:70038045
rs7020830-T,9:37085187
rs7099380-A,10:18260087
rs710369-C,5:87799433
rs7122181-T,11:81491868
rs7127399-G,11:124591378
rs71391092-C,16:74533177
rs715170-C,18:56128283
rs7194676-C,16:87456285
rs7266699-C,20:59678383
rs7267348-C,20:49514499
rs72697068-A,4:163272521
rs72700829-C,1:150567705
rs72749142-G,1:200982179
rs72793138-A,10:53721128
rs72882854-A,2:166304860
rs72925918-G,2:194215175
rs72926932-A,18:55383415
rs7531932-A,1:71668902
rs7537052-G,1:36151340
rs7539624-A,1:223719125
rs7551222-A,1:204630167
rs7551345-A,1:31359023
rs75575209-T,2:57911057
rs75608493-C,1:177796886
rs7562618-C,2:22307927
rs7577463-G,2:228130066
rs75968099-T,3:36817092
rs7599488-C,2:60491212
rs7601312-G,2:228455377
rs76049629-G,4:93837884
rs7610761-A,3:188467141
rs7617937-A,3:18846493
rs7619427-G,3:44035549
rs76329678-A,5:50534452
rs76355118-G,2:148654436
rs76405237-G,7:141271019
rs7641070-G,3:135979287
rs76432012-T,2:199712044
rs76456399-A,6:1371322
rs7648449-C,3:69391700
rs76503615-A,2:62452374
rs76832595-A,2:23503849
rs12432904-G,14:103345983
rs12446487-C,16:58637911
rs12447542-A,16:7694178
rs12449000-T,16:89806562
rs12474906-A,2:27810671
rs12478234-A,2:179470242
rs12487279-C,3:80865258
rs12498839-A,4:175810250
rs12510251-A,4:182693431
rs1251350-C,10:32004006
rs12519062-C,5:96170382
rs12522290-C,5:153418096
rs12540205-C,7:105670146
rs12541491-T,8:10392538
rs12554020-C,9:93507955
rs12595305-T,15:89356393
rs12652777-T,5:156348065
rs12668848-G,7:1981360
rs12681288-A,8:1085152
rs12682527-C,8:21463493
rs12691307-A,16:29928556
rs12693217-G,2:179977187
rs12704290-G,7:86798310
rs12723316-G,1:83848587
rs12755164-A,1:73170208
rs12823424-A,12:2404946
rs12826178-G,12:57228588
rs12877581-C,13:73751362
rs12883788-T,14:32834334
rs12887386-A,14:85099583
rs12887734-T,14:103580497
rs12903146-A,15:61562464
rs12908161-A,15:84664594
rs12914626-C,15:58446224
rs12938078-A,17:57665916
rs12991836-C,2:144383974
rs12997796-A,2:86747195
rs13004237-G,Mapping not available
rs13017997-T,2:155988248
rs13027106-C,2:76228042
rs13096210-C,3:180881530
rs13107325-T,4:102267552
rs13110633-C,4:48468279
rs13119516-A,4:101920448
rs13168670-T,5:140767314
rs13170232-T,5:153519972
rs13176547-T,5:36370194
rs13198474-G,6:25874195
rs13217239-T,6:27287188
rs13217619-T,6:28338894
rs3770752-A,2:37348993
rs3788567-T,22:39610030
rs3798869-G,6:83618941
rs3812831-C,13:114134675
rs3818802-A,1:243286579
rs3849046-T,5:138515503
rs385492-T,6:29681770
rs3856261-G,1:155906822
rs4084594-T,5:64418618
rs41266839-G,6:26409662
rs41268902-A,6:32103231
rs4129585-A,8:142231572
rs41314284-T,1:226602300
rs4240624-G,8:9326721
rs4240748-G,12:91853010
rs4246774-C,5:68196284
rs427230-T,20:63523758
rs4273100-T,17:19250104
rs4330281-C,3:17817874
rs4388249-T,5:109700365
rs4391122-G,5:61302716
rs4459386-A,12:50201164
rs4470825-G,6:83080079
rs4523957-T,17:2305605
rs4626214-G,4:96805918
rs27419-C,5:53125108
rs2796441-G,9:81694033
rs2811474-G,3:128174008
rs281768-A,2:199960517
rs2828478-A,21:23732894
rs28375034-G,7:133201294
rs28587833-G,17:80537527
rs28669119-G,5:88909036
rs2868985-A,2:55964335
rs28730912-T,3:162062168
rs2905426-G,19:19367213
rs2905627-T,4:104528928
rs2909457-G,2:161989345
rs2917569-T,11:132698360
rs2929278-C,15:43958115
rs2945232-C,8:8240516
rs2957613-T,15:76408248
rs2973155-C,5:153229059
rs2977125-T,8:12915747
rs2977993-A,9:128846507
rs3001723-A,1:43572014
rs301797-A,1:8427263
rs302010-G,13:70145330
rs3132565-A,6:31135187
rs314272-G,6:105014129
rs324017-C,12:57094031
rs337718-T,18:72107043
rs34102591-G,12:123996254
rs34232444-T,19:4965393
rs34411452-T,5:159261655
rs34626435-A,3:173786357
rs34706883-A,6:27837477
rs34753377-T,16:89543010
rs34777351-C,18:25526259
rs35058679-T,13:95493125
rs35094601-G,2:138454920
rs35123781-G,5:139685595
rs35245641-C,22:46077965
rs35261864-C,3:76220735
rs354225-G,2:54696629
rs35659386-A,11:131430474
rs35662245-A,2:146825619
rs35998080-T,1:72812932
rs36059107-A,14:33768747
rs36104021-C,12:102967334
rs36109662-G,7:104443254
rs367543-T,8:9176638
rs3735025-T,7:137390098
rs3756766-A,5:138337478
rs3768644-G,2:72134376
rs10123671-G,9:29161220
rs114333818-A,1:186856584
rs11592657-A,10:126992179
rs13020137-A,2:129999731
rs146641304-AC,5:179493202
rs200610334-AT,22:40728162
rs2455601-A,11:8877853
rs3131888-C,6:29696112
rs35553880-T,4:117723666
rs4129575-A,16:26118462
rs4646312-C,22:19960814
rs61841072-G,1:242966101
rs75094680-A,5:30558030
rs10812882-T,9:28891819
rs11211309-A,1:46579541
rs11345859-A,4:54669212
rs11864208-C,16:50243303
rs12412942-A,10:2315508
rs144759648-A,7:156943329
rs2144051-G,14:97078236
rs369019574-A,9:79271833
rs41297816-G,22:19776455
rs4685495-A,3:2195173
rs55970365-C,20:40096545
rs58880514-A,7:70939851
rs6083-A,15:58545811
rs67900830-A,21:43195762
rs76569837-G,12:45565980
rs66831316-?,Mapping not available
rs1587409-T,8:117251493
rs1466921-T,15:82092316
rs1973985-A,13:106430556
rs2802493-C,10:44058135
rs17338034-A,16:51323571
rs9359762-T,6:87939728
rs12738007-?,1:29195193
rs1067352-T,2:44442585
rs981975-T,14:72119843
rs789859-A,3:194685159
rs7428850-T,3:24116906
rs75905933-T,15:31256793
rs2017387-A,19:50065316
rs7358770-G,12:61451443
rs12358815-T,10:81908569
rs4731662-T,7:130142537
rs79323383-G,8:120839185
rs9347865-A,6:164507108
rs698833-T,2:44508299
rs4470690-C,4:187800358
rs698761-G,2:44320435
rs4470690-C,4:187800358
rs75583333-A,5:160168028
rs75023836-T,17:9285281
rs80285556-A,19:50036913
rs1808797-A,2:5484874
rs60994771-C,17:70804643
rs12511747-A,4:4370929
rs3749448-A,3:7146429
rs1800625-G,6:32184665
rs149104283-T,12:20930928
rs80208670-C,13:83863953
rs184597564-A,1:81770721
rs78900159-A,7:77339061
rs16916041-T,10:61386789
rs11649311-T,16:25214699
rs117202297-T,17:55691674
rs80282661-T,17:13348756
rs185053659-A,1:60238578
rs143888465-?,12:51616324
rs10883795-?,10:102894820
rs13268772-?,8:3362037
rs4073405-?,11:45302302
rs12561919-?,1:11779866
rs1051061-?,2:58089679
rs10077591-?,5:165935005
rs115070292-?,6:29563197
rs12949688-?,17:57748340
rs10883765-?,10:102696929
rs2685441-?,18:71851474
rs644939-?,12:101060211
rs59721556-?,14:77646050
rs11256768-?,10:10683500
rs17288586-?,6:45852033
rs56374507-?,14:77914190
rs116144992-?,3:6254168
rs11624682-?,14:77429295
rs7675231-?,4:167404683
rs56240334-A,14:77905060
rs72838804-C,17:19338052
rs8094969-A,18:71833874
rs201061212-TA,15:80091637
rs59721556-G,14:77646050
rs183993610-C,4:53540709
rs2127826-A,4:119504060
rs111751755-C,5:156553408
rs17555185-G,5:156354547
chr3:67336707-G,Mapping not available
rs9900497-G,17:19714080
rs2560471-A,5:5811952
chr4:7352632-C,Mapping not available
rs190585232-C,5:81060251
rs34804741-C,14:100050504
rs502697-G,12:101057493
rs61909487-C,12:3435254
rs113925979-G,4:86797215
rs10894895-C,11:134882140
rs76008570-G,2:226611691
rs2944499-T,10:131235052
rs79533578-?,17:30998606
rs142996120-?,14:77289119
rs2429928-?,17:71726064
rs76131026-G,5:170352321
rs200868329-AT,10:66162055
chr12:106657179-A,Mapping not available
rs191581512-G,13:44105194
rs117325373-G,22:49963977
rs115449435-T,3:168747556
rs113353280-A,1:55180186
rs76540759-G,4:116607403
rs146460178-C,1:90109901
rs76289741-A,3:168633460
rs72838804-C,17:19338052
rs111527967-G,17:19008954
rs147466853-C,22:47716296
rs1451608-G,11:88386364
rs145847018-G,8:15786716
chr3:24752415-C,Mapping not available
rs3767510-?,1:201075216
rs8008002-?,14:75398980
rs28403489-?,15:81718161
rs4335177-?,9:106581778
rs62382696-A,5:156466557
rs2532643-C,10:117452370
rs9993696-T,4:2185650
rs149053538-?,3:171750468
rs6911131-A,6:143544084
rs11439302-G,21:14869414
rs12434701-C,14:77643001
rs4102217-G,11:65496424
rs73878431-G,3:166933488
rs57425123-A,7:25763634
rs3934047-T,15:81715972
rs6440475-C,3:147221219
rs3006553-G,10:29800065
rs4903318-G,14:75399932
rs1906727-C,15:93411839
rs6777098-T,3:167260917
rs73506161-C,19:14643177
rs11984453-G,8:4647009
rs73309282-T,8:106483376
rs10769859-G,11:7979900
chr8:102010440-T,Mapping not available
rs77730715-G,4:49027406
rs75528631-G,11:37269808
rs147692810-C,7:89924805
rs138538719-C,5:156578156
rs5020196-C,16:7718619
rs3006553-?,10:29800065
rs4901536-?,14:54733816
rs59721556-?,14:77646050
rs34252091-?,1:189924464
rs56240334-A,14:77905060
rs11082490-?,18:45832663
rs74065827-?,14:77902942
rs74405815-?,3:126800994
rs6911131-?,6:143544084
rs9930542-?,16:7718742
rs56161922-?,1:207636488
rs2532643-?,10:117452370
rs138538719-?,5:156578156
rs142794624-?,6:117132166
rs6545747-?,2:59725711
rs7859245-?,9:135598751
rs10827221-?,10:33256536
rs2634458-?,8:18600936
rs61857276-?,10:56434080
rs61854820-?,10:56294881
rs77217161-?,10:56074184
rs923806-?,11:12026851
rs78547569-?,13:43866062
rs117752187-G,11:122490175
rs76830538-C,8:15615416
rs117019455-G,8:15796634
rs75070487-G,5:170389767
rs2382999-G,8:124967335
rs188803409-A,16:6990147
rs79862545-C,11:123278215
rs149776388-C,8:11008861
rs7036881-C,9:138076309
rs73177327-C,13:43983531
rs138707712-T,1:36447523
rs141473550-A,9:17878240
rs117673608-G,6:161931643
rs73006788-C,11:119793235
rs12001041-A,9:135600269
rs182333180-C,13:43857773
rs180968789-T,7:57356326
rs150202118-G,5:76459601
rs201447509-ATC,8:125236380
rs2083117-G,15:96536103
rs147237795-G,11:127546637
rs116939006-C,8:14416309
rs28425639-T,2:99936050
rs78178087-G,9:137974654
rs78309295-A,8:125516480
rs79886049-A,20:42702075
rs79851935-T,17:54257841
rs191581512-G,13:44105194
rs139132350-G,2:60357702
rs45496701-G,1:33300620
rs141443024-G,8:510240
rs1647768-G,2:216078567
rs117858172-G,11:128440905
rs7419486-T,2:115672654
rs146790986-C,8:14810524
chr2:71975709-C,Mapping not available
rs143325061-A,10:56579595
rs76799118-T,2:162222501
rs146767487-T,16:8352071
rs182734081-C,4:162231756
rs74757231-G,5:168087215
rs189688109-T,13:43442961
rs77561866-A,16:9282898
chr17:60904543-C,Mapping not available
rs61854820-C,10:56294881
rs150863502-G,22:23029925
rs117612853-C,10:9385373
rs117295891-G,7:49691344
rs4562622-C,1:207703232
rs11956350-A,5:17706242
rs77217161-A,10:56074184
rs59000197-T,2:190244144
rs56031646-T,6:76863427
rs182020790-G,1:186258139
rs116557595-G,4:161980073
rs188710179-A,8:102985733
rs7554419-C,1:150069348
rs34272020-?,14:77907829
rs56240334-A,14:77905060
rs2567700-C,9:114076463
rs12344124-?,9:114075465
rs73105738-G,5:73931380
rs77584330-G,13:70766522
rs72838804-C,17:19338052
rs6443921-C,3:166955476
rs141443024-G,8:510240
rs10247392-?,7:134883505
rs10247392-G,7:134883505
rs182333180-C,13:43857773
rs115212412-T,1:91544232
rs56161922-?,1:207636488
rs145712811-A,8:113555989
rs55774002-C,4:49037941
rs73506161-C,19:14643177
rs151233144-C,22:47765137
rs144212837-T,22:22956986
rs192381152-A,5:56031173
rs201581573-TA,8:15777526
chr17:60904543-C,Mapping not available
rs67357741-?,15:63378609
rs200136777-GAC,17:913294
chr2:230347877-T,Mapping not available
rs11439302-G,21:14869414
chr16:8606507-G,Mapping not available
rs2429929-?,17:71725783
rs2560471-A,5:5811952
rs77301145-C,7:139012454
rs181534711-G,13:44069329
rs147515995-G,19:28059504
rs115342620-A,4:53526544
rs8094969-A,18:71833874
rs76131026-G,5:170352321
rs4903318-G,14:75399932
rs7268897-?,20:35678548
rs34252091-?,1:189924464
rs117673608-G,6:161931643
rs17093238-A,20:35913170
rs17093238-?,20:35913170
rs9993696-T,4:2185650
rs1923775-?,4:2101369
rs4945082-A,11:76401041
rs74370740-C,5:35162774
rs2634458-?,8:18600936
rs73006788-C,11:119793235
rs142794624-?,6:117132166
rs1906727-C,15:93411839
rs4901536-?,14:54733816
rs62380867-?,5:156619236
rs62380867-A,5:156619236
rs62382696-A,5:156466557
rs11082490-?,18:45832663
rs1447514-?,11:22340750
rs111527967-G,17:19008954
rs59721556-?,14:77646050
rs76989557-G,22:47616362
rs12915820-T,15:81716770
rs12915820-?,15:81716770
rs73249047-?,8:58871645
rs111916630-A,3:147592931
rs146460178-C,1:90109901
rs28785552-?,19:52730908
rs59721556-?,14:77646050
rs118106993-?,11:124166986
rs72706301-?,14:94385882
rs56175057-?,2:12647004
rs7267005-?,20:35901643
rs145463728-?,13:43665045
rs12323387-?,14:75398548
rs7963446-?,12:6956243
rs464250-?,5:107528014
rs10758913-?,9:7887951
rs76297747-?,18:47139286
rs77217161-?,10:56074184
rs7268897-?,20:35678548
rs6055808-?,20:8426427
rs145252195-?,7:101528955
rs55728704-?,5:76647574
rs80058639-?,8:1214070
rs202106186-?,9:70368818
rs6566288-?,18:67518184
rs138538719-?,5:156578156
rs80052780-?,4:138346969
rs61854820-?,10:56294881
rs74065827-?,14:77902942
rs9815738-?,3:88155583
rs61857276-?,10:56434080
rs78547569-?,13:43866062
rs1782810-A,1:98036784
rs6921919-C,6:28357424
rs11191419-?,10:102852578
rs115242751-T,6:30154846
rs114041423-?,6:29639270
rs115035678-A,6:32381780
rs9273177-?,6:32645524
rs61472021-T,6:26089797
rs144649399-?,6:29150075
rs114086406-?,6:32374760
rs11682175-?,2:57760458
rs142972412-T,6:32487060
rs138748649-T,6:32242482
rs144532965-?,6:32522018
rs75968099-T,3:36817092
rs115661163-T,6:29369298
rs111312615-T,6:29955302
rs117616320-?,6:32526927
rs12704290-?,7:86798310
rs4702-?,15:90883330
rs2176546-C,2:57929637
rs149787317-T,6:32631878
rs6855246-?,4:102191313
rs72934570-?,18:55865958
rs147793969-?,6:32526115
rs115487448-?,6:31025536
rs150430679-T,6:30762562
rs1899546-?,11:24377044
rs6071524-?,20:38797937
rs11874716-T,18:55083457
rs72761442-A,5:61400496
rs3132556-A,6:31111032
rs116139966-C,6:32635879
rs139547629-T,6:32518167
rs28724212-A,6:32588824
rs145607970-?,6:32656240
rs115569272-?,6:32995105
rs116552815-?,6:30888130
rs6803008-?,3:71522194
rs35998080-T,1:72812932
rs10791097-T,11:130848735
rs10791111-T,11:130986204
rs2944591-T,2:232930111
rs1353545-C,3:60302116
rs9274657-A,6:32668587
rs115437294-A,6:31345265
rs133047-T,22:40631815
rs115329265-A,6:28744470
rs116326873-A,6:29842049
rs116385615-T,6:31913532
rs114810457-A,6:32186508
rs17194490-T,3:2506102
rs145470632-A,6:32525469
rs9267057-?,6:31429613
rs4309187-?,11:113541721
rs149544854-?,6:31755003
rs116502302-A,6:31005088
rs191269336-A,6:32521819
rs78696503-?,2:199194489
rs9292918-?,5:45300933
rs9368481-?,6:26993982
rs148820910-?,6:33343402
rs7837860-?,8:88322031
rs7521492-A,1:163758686
rs7129727-A,11:57717188
rs4904167-T,14:84234400
rs7752643-C,6:83570556
rs190065944-A,15:78567268
rs72986630-T,19:11738921
rs115707823-?,6:30374976
rs116633139-?,6:32700133
rs2007044-?,12:2235794
rs144660248-?,6:32583926
rs13218591-T,6:26376604
rs114455101-T,6:32465853
rs59574136-T,7:1996825
rs149979052-?,6:31137370
rs115682897-?,6:32725517
rs185717927-C,6:32568724
rs113205291-A,6:29894844
rs149915948-?,6:30639723
rs17843707-T,6:32654605
rs116593970-?,6:32742213
rs4523957-T,17:2305605
rs191239160-?,6:32558215
rs301798-?,1:8428505
rs10211550-?,2:197518575
rs9461856-A,6:33427422
rs113397282-T,6:32520273
rs35828350-?,15:84812610
rs764284-A,6:27344299
rs115325719-T,6:32963018
rs3735025-T,7:137390098
rs115283957-C,6:31308658
rs59979824-?,2:192983614
rs1080500-?,3:53141001
rs171748-A,5:61203304
rs139480376-A,6:32522469
rs17292804-A,14:103738786
rs116408368-T,6:30202733
rs1977199-A,6:26466161
rs114882497-T,6:32423415
rs114867672-T,6:30964067
rs114964506-?,6:30814428
rs111639056-?,6:32570699
rs6939532-?,6:26533796
rs6940116-A,6:27740953
rs116663187-A,6:28610509
rs9274390-T,6:32664882
rs184153866-A,6:32514520
rs115558405-A,6:32368989
rs35225200-?,4:102225731
rs114950038-?,6:29983056
rs140865314-?,6:32185629
rs4129585-A,8:142231572
rs12887734-T,14:103580497
rs36057735-C,6:31352146
rs115052633-C,6:31621487
rs186129480-T,6:32627606
rs2507989-A,6:31356638
rs193267147-?,6:32528783
rs41293179-?,6:32582101
rs200986-?,6:27856988
rs34787248-?,6:28230108
rs140364877-?,7:1845542
rs13240464-T,7:111258859
rs369637-?,6:32058086
rs114291394-?,6:31383745
rs11740474-?,5:154301187
rs12925872-T,16:13658499
rs116460775-T,6:32243308
rs114838832-A,6:30937536
rs115915654-?,6:30801949
rs11223651-?,11:133971139
rs62378245-?,5:89448145
rs8009147-?,14:103798325
rs7191183-?,16:9806200
rs4391122-?,5:61302716
rs77502336-C,11:123523928
rs3849046-T,5:138515503
rs2332700-C,14:71950609
rs1131275-C,6:31356183
rs61747867-T,6:26272320
rs116047537-T,6:32413695
rs41293330-T,6:32574236
rs61789073-T,1:97938540
rs12443170-?,15:78615394
rs114441450-?,6:30719037
rs146201420-?,6:31390620
rs184981897-?,6:32519189
rs138850297-?,6:32875944
rs4380187-A,2:184947213
rs184538485-A,6:32522589
rs75782365-T,6:26408323
rs114115252-?,6:30931418
rs1024582-A,12:2293080
rs2851447-?,12:123180566
rs1150688-T,6:28195002
rs189600472-T,6:32526320
rs169738-?,6:33569769
rs115625073-T,6:29924456
rs12954356-?,18:55586179
rs7907645-T,10:102664043
rs10520163-T,4:169705401
rs9607782-A,22:41191552
rs151267808-T,6:29882943
rs7746199-?,6:27293545
rs115123779-?,6:29510044
rs115960997-?,6:29934332
rs1793889-?,6:31254404
rs142790902-T,6:32582137
rs145501595-?,6:29445191
rs4642619-A,8:110475239
rs2910032-?,5:153160794
rs9270074-T,6:32586352
rs35131895-?,5:138413188
rs115963308-?,6:32223264
rs149961934-?,6:32520992
rs61847307-?,10:52184682
rs146827975-?,6:32185632
rs1339227-?,6:72445999
rs36350-?,14:71920923
rs7432375-?,3:136569563
rs9656169-?,7:110434219
rs28758902-T,18:55740956
rs760648-A,22:42175022
rs427691-A,5:109678809
rs2293751-A,6:31940060
rs182087722-A,6:28044305
rs73416724-A,6:43370064
rs61884307-C,11:46733838
rs141342723-T,6:27654305
rs114276265-?,6:31219298
rs9269271-T,6:32571330
rs7752195-?,6:25418866
rs115497191-?,6:32936262
rs116676919-?,6:30112719
rs11191582-?,10:103153896
rs115344853-A,6:32197667
rs9274299-?,6:32664181
rs138984909-A,6:32466042
rs8032315-?,15:90875067
rs7184114-?,16:58551465
rs115136442-?,6:31086734
rs2767713-?,9:82184622
rs2828478-A,21:23732894
rs9879311-T,3:10373659
rs114142645-T,6:31245806
rs111977918-A,6:31268274
rs7819570-T,8:88576397
rs12522290-C,5:153418096
rs112209031-T,6:32524630
rs116137698-A,6:28699892
rs9467711-A,6:26332377
rs144762289-?,6:31229085
rs202906-T,6:28043874
rs13212562-A,6:27332531
rs114904464-?,6:31380300
rs145547914-?,6:32238466
rs78110044-?,6:32559333
rs150680405-?,6:31255998
rs115687605-?,6:30397852
rs35324223-?,11:46381302
rs3617-?,3:52799789
rs114274203-T,6:31300843
rs281768-A,2:199960517
rs115937317-C,6:29387425
rs144018888-T,6:29783215
rs182908437-?,6:32542425
rs149721896-?,6:32410726
rs6434928-?,2:197439853
rs4713071-A,6:27220140
rs11753207-A,6:32584671
rs191843781-T,6:32525190
rs116182620-A,6:32511744
rs114812317-?,6:32531497
rs9469174-?,6:32557141
rs7801375-?,7:131882504
rs114508985-?,6:32932241
rs6704768-?,2:232727791
rs4580973-A,7:105263212
rs147875011-T,6:32668836
rs7893279-T,10:18456176
rs56223946-?,8:27556469
rs2434529-?,5:154260486
rs115641444-C,6:32517285
rs149998036-A,6:32470272
rs184123737-T,6:32569865
rs188190243-?,6:32510807
rs41294271-?,6:32575798
rs114830752-?,6:32715035
rs180778602-?,6:32534622
rs707939-A,6:31758911
rs2760981-?,6:32597688
rs116067082-A,6:31222761
rs142601889-T,6:32228798
rs147976543-A,6:32566867
rs116254153-T,6:32371870
rs12826178-?,12:57228588
rs2237234-?,6:26391166
rs11210892-?,1:43634413
rs8054556-?,16:29946895
rs67756423-A,8:142252164
rs17659437-?,1:177337251
rs11641947-?,16:58636004
rs139099016-?,6:31361514
rs72687362-?,8:142276955
rs57709857-?,8:38432906
rs11210195-?,1:73283600
rs3020736-?,22:42141117
rs12592967-T,15:61578744
rs5995756-T,22:39604308
rs385492-T,6:29681770
rs115443066-A,6:32646583
rs7122181-?,11:81491868
rs221902-?,14:71134362
rs353547-?,3:52234850
rs880446-A,20:63501824
rs2115780-A,3:53108964
rs114277634-A,6:31474954
rs140849564-A,6:32522830
rs76994193-A,5:89131520
rs114875775-A,6:32521255
rs9348739-?,6:26955320
rs116427960-?,6:31351449
rs114963521-?,6:30791080
rs140502984-T,6:31481775
rs144911693-?,6:28691630
rs145076523-?,6:32147408
rs55661361-?,11:124744061
rs911186-A,6:27182820
rs144304366-T,6:29936216
rs186229361-T,6:32468178
rs114204022-?,6:29972902
rs115165987-?,6:32239404
rs9636107-?,18:55532886
rs41563-A,7:105212207
rs1498232-T,1:29961104
rs8042374-A,15:78615690
rs142520578-A,6:31894038
rs114771361-A,6:32706552
rs12543645-C,8:10388815
rs1506297-T,3:30030816
rs56775891-T,18:79815613
rs9970077-A,1:177791783
rs10878577-A,12:67200061
rs12911832-A,15:58693705
rs2944823-A,7:72330485
rs56007784-C,17:1387656
rs56873913-T,19:49587942
rs9420-A,11:57742822
rs1075195-T,20:38718108
rs17002069-C,22:40654982
rs3756766-A,5:138337478
rs3845702-A,2:179983761
rs77502336-C,11:123523928
rs113568682-A,5:152920194
rs7012816-A,8:70052508
rs7372960-T,3:71205600
rs4766428-T,12:110285440
rs4949526-T,1:29959372
rs62152284-T,2:104367929
rs9922678-A,16:9852462
rs35065479-A,17:57659374
rs4388249-T,5:109700365
rs7438-A,4:169721095
rs7597593-T,2:184668853
rs6846161-A,4:175945308
rs3735025-T,7:137390098
rs2057884-T,7:105289803
rs215411-A,4:23421980
rs7273691-T,20:59678449
rs72843506-A,17:20042974
rs55757091-A,16:68289751
rs2970610-T,1:43631859
rs214467-A,7:111218212
rs6670165-T,1:177310985
rs7405404-T,16:13656002
rs10510653-A,3:32017067
rs1191551-T,14:29531199
rs3732386-T,3:36830502
rs112537273-T,8:38390788
rs73219805-A,8:26415252
rs2383377-A,14:32788708
rs112509803-C,7:24695385
rs9607782-A,22:41191552
rs35607894-A,14:71941921
rs9859557-A,3:181113122
rs9882618-T,3:50200112
rs12129037-T,1:150519638
rs75059851-A,11:133952674
rs2159100-T,12:2237227
rs7893279-T,10:18456176
rs17630293-T,2:200282053
rs76091702-T,5:153103403
rs115329265-A,6:28744470
rs61041384-C,12:123159496
rs10786736-G,10:103089359
rs80256351-C,2:57844458
rs75575209-T,2:57911057
rs111364339-C,10:63098112
rs1198589-C,1:98084855
rs12704290-G,7:86798310
rs796364-C,2:199851396
rs61882743-G,11:46527204
rs1615350-C,12:123165788
rs11191424-G,10:102866129
rs7619427-G,3:44035549
rs12668848-G,7:1981360
rs778371-G,2:232878399
rs950169-C,15:84037709
rs999494-C,2:72930266
rs11708578-G,3:2474210
rs17687067-C,8:17178692
rs66691851-C,3:136435986
rs7801375-G,7:131882504
rs2514218-C,11:113522272
rs715170-C,18:56128283
rs9841616-T,3:181449797
rs2381759-T,2:145670463
rs16880831-G,8:110549276
rs172531-G,1:8435530
rs35430959-C,2:76238162
rs3825845-C,15:78617916
rs55661361-G,11:124744061
rs9292918-G,5:45300933
rs221780-G,7:100699412
rs5757730-G,22:39571425
rs11685299-C,2:224526579
rs11790388-G,9:126978004
rs13261217-G,8:4325535
rs217331-G,6:83634970
rs34102591-G,12:123996254
rs12622667-C,2:148762617
rs35225048-C,15:61564064
rs9398171-C,6:108662324
rs2577831-C,3:52594040
rs3814881-G,16:29989580
rs6430491-G,2:134083396
rs8082590-G,17:18055088
rs895526-C,2:199297702
rs10803138-G,1:243391917
rs302321-C,12:29775455
rs2053079-G,19:30496516
rs11778040-C,8:27562290
rs12190758-G,6:92438623
rs6500596-G,16:4420026
rs7010876-T,8:88252522
rs11740474-T,5:154301187
rs2693698-G,14:99252882
rs2767713-C,9:82184622
rs28735056-G,18:79862879
rs35978510-C,1:243612815
rs758117-C,12:2404143
rs4330281-C,3:17817874
rs11210195-C,1:73283600
rs12623170-C,2:27797290
rs13164092-G,5:138505171
rs17234749-G,11:24360352
rs2910032-C,5:153160794
rs3824451-C,9:98309240
rs61847307-C,10:52184682
rs6804239-C,3:162062700
rs714031-C,22:39674229
rs12421382-C,11:109507345
rs758129-G,15:89357656
rs867743-G,8:59782088
rs9695226-G,9:22759397
rs12139672-G,1:190971497
rs12327082-T,18:34011495
rs28607014-C,12:117270806
rs323167-C,7:78707361
rs10148671-C,14:29000167
rs10894308-G,11:131022000
rs13266463-G,8:142322332
rs160593-G,6:105018457
rs619091-T,11:134014242
rs6903570-C,6:64156964
rs7267348-C,20:49514499
rs1838472-C,3:124332814
rs4240748-G,12:91853010
rs7934083-C,11:81492479
rs8058130-G,16:64337259
rs832190-C,3:63856953
rs10940346-G,5:50510208
rs192812-C,3:161774043
rs2358740-G,3:53421542
rs7560272-T,2:73334357
rs11625793-G,14:65849165
rs783540-G,15:82585958
rs11722779-G,4:102906331
rs319204-T,5:146882926
rs4632195-T,18:53220378
rs10199182-A,2:22524252
rs12541020-T,8:4960070
rs13074132-T,3:60335351
rs2247870-A,5:90855772
rs7733403-A,5:140774630
rs1411740-A,13:38256005
rs7099380-A,10:18260087
rs7807720-A,7:110433698
rs248083-A,5:127174476
rs2764766-C,5:127877933
rs7523273-A,1:207803738
rs8012642-C,14:84203137
rs9384900-T,6:114389931
rs12619354-T,2:193138056
rs61712019-T,2:77477763
rs12138061-A,1:50106424
rs1353545-C,3:60302116
rs2980436-A,8:8234503
rs146300688-T,2:34062217
rs78681500-T,2:200322593
rs111782145-C,6:30905731
rs7989524-A,13:19057017
rs1518395-A,2:57980939
rs36025579-G,1:97337068
rs7022054-G,9:7173500
rs10124101-G,9:36308830
rs11127668-C,3:79866620
rs12431410-C,14:59699304
rs34321714-G,6:72454442
rs4626214-G,4:96805918
rs1864774-C,11:83488233
rs2372993-C,2:37334786
rs2194545-G,2:228418495
rs2526882-G,14:70907985
rs7529073-C,1:213974546
rs7915131-C,10:62658896
rs4833558-C,4:117998342
rs13259407-C,8:18565413
rs1460583-C,8:105096365
rs11102159-T,1:110782105
rs11240341-T,1:205046156
rs12664251-A,6:119023381
rs4347184-T,1:65848311
rs7523654-T,1:115318644
rs12148337-T,15:70296933
rs2905627-T,4:104528928
rs35662245-A,2:146825619
rs7811417-T,7:21494534
rs1792709-A,18:56101744
rs4479915-G,6:164654568
rs11534004-G,7:113827389
rs2073499-A,3:50336862
rs5891007-?,8:38163493
rs187568-A,5:84019804
rs12052801-G,2:68196086
rs12620761-T,2:134096560
rs10928112-C,2:141573400
rs259282-T,19:32672137
rs3013169-T,6:64133067
rs10744422-C,12:122852242
rs950394-G,2:104353789
rs1021487-T,4:58590920
rs12660387-A,6:64581751
rs7757969-T,6:111810829
rs359260-T,2:60259801
rs3759413-C,12:7138610
rs61990820-G,14:79899927
rs41464545-A,4:64952689
rs820970-T,2:57513953
rs2962250-A,5:51094157
rs155346-C,5:140010792
rs2292354-T,12:109930396
rs2073958-C,X:24235758
rs2461451-A,2:127927687
rs4662592-T,2:128076730
rs737191-T,2:128259316
rs7924197-C,10:132100221
rs10829461-A,10:128646955
rs12625774-T,20:57412108
rs7793239-C,7:130394854
rs17454013-A,13:26774997
rs7229439-T,18:45380719
rs12039371-C,1:184016669
rs9425326-C,1:183869871
rs1163825-A,13:111491360
rs11025109-A,11:19383945
rs10105578-A,8:3658097
rs11025120-T,11:19403687
rs1423688-G,5:39072514
rs2278326-C,5:38881251
rs2914244-T,5:38655151
rs9293983-G,6:74851875
rs4337869-A,5:38728116
rs777948-C,3:104732323
rs10829470-A,10:128678844
rs9642793-A,8:102721404
rs793278-T,11:19224307
rs515103-T,6:75100605
rs2491441-C,1:183833125
rs1190460-C,2:232502030
rs11132911-T,4:171565714
rs17834760-G,6:61668740
rs9542550-C,13:70973380
rs9378078-T,6:61213337
rs1928480-A,9:77071521
rs9363882-T,6:62150634
rs998808-A,6:61997852
rs7559992-?,2:201666824
kgp5929161-?,Mapping not available
rs193091397-?,20:51467037
rs8009925-?,14:20403486
rs10509852-?,10:107815336
rs11901793-?,2:236588594
rs10509852-?,10:107815336
rs76082815-?,13:75821206
rs115777110-?,1:208936211
rs62482377-?,7:156250946
rs57646126-?,21:28959613
rs77867520-?,4:11186225
rs105633-?,5:141945684
rs2299682-?,20:9448697
rs74417947-?,20:37181711
rs138449918-?,Mapping not available
rs137928907-?,12:130827204
rs74796725-?,12:53187599
rs2997119-?,13:55819766
rs142754383-?,12:30661250
rs76082815-?,13:75821206
rs9354352-?,6:65986379
rs7766730-?,6:65987110
rs146330533-?,1:17669971
rs13001243-?,2:234306004
rs4800149-?,18:23164290
rs34486957-?,14:59578879
rs142754383-?,12:30661250
rs75062117-?,12:90883555
rs679895-?,5:29091578
rs11125080-?,2:46505266
rs201048567-?,7:125615031
rs188839109-?,11:2301859
rs12052005-?,18:68832311
rs506597-?,7:100715797
rs221798-?,7:100689872
rs56196471-?,4:178642661
rs2571521-?,9:26133810
rs221774-?,7:100701361
rs7939917-?,11:113697374
rs61945387-?,12:117921609
rs6738485-?,2:106193504
rs56031956-?,9:108863349
rs6728642-A,2:96941334
rs62200793-T,2:184885915
rs7588746-A,2:200121622
rs3919583-A,5:87651774
rs144373461-A,6:29783228
rs209474-A,6:32956807
rs1521470-A,7:45607253
rs79403677-T,14:35069925
rs324899-A,5:88619764
rs6942227-A,6:25177280
rs142425863-T,6:29783976
rs59724122-T,8:27567179
rs61123830-A,11:123522138
rs7959663-C,12:109446562
rs66486766-A,15:84137308
rs7405404-T,16:13656002
rs4736253-?,8:139342742
rs10895475-A,11:103593113
rs10180106-A,2:79994772
rs511841-C,3:120896668
rs7620938-?,3:121172743
rs4736253-?,8:139342742
rs10180106-A,2:79994772
rs642516-A,11:79289084
rs4507566-A,6:65552163
rs60354593-T,4:148673270
rs26193-A,5:35363807
rs12857574-A,13:106409080
rs524045-A,1:93024470
rs17022006-G,3:2897050
rs68057166-G,5:167805815
rs1471786-G,9:4576774
rs9291547-A,4:30748032
rs77685948-G,4:30653520
rs301440-C,9:4590305
rs150192045-C,5:127477772
rs72790443-T,5:127455149
rs12711680-G,2:124546458
rs6444970-T,3:171192653
rs4848939-G,2:124558127
rs9544382-C,13:35449873
rs2239063-A,12:2402665
rs1731240-A,2:26614527
rs16921385-A,9:4507513
rs150634721-C,12:102492363
rs2802383-G,9:35020439
rs7088969-T,10:117774246
rs34624213-A,1:192734842
rs28533249-G,22:48894738
rs3753947-T,1:192745941
rs30419-T,5:87168783
rs568300-T,9:35093023
rs630961-C,9:35103725
rs9554958-A,13:103448176
rs76694263-G,5:154286206
rs16834649-T,1:192698757
rs642296-T,9:35051272
rs4879848-T,9:34992077
rs986359-A,5:137311415
rs4320241-C,5:75003319
rs56080959-A,1:204053289
rs12567918-T,1:204057325
rs737724-G,22:44437202
rs10012947-C,4:30491805
rs12133007-T,1:204039811
rs183547317-T,4:11562007
rs3862662-A,11:60868357
rs59730210-G,4:138789275
rs13239071-G,7:1624714
rs7116879-T,11:11992266
rs75953396-A,10:93748796
rs77989818-G,5:44968962
rs7358476-A,11:87481582
rs13338060-G,16:76494737
rs73770737-G,5:89917211
rs760816-A,1:4796871
rs929255-C,7:25233001
rs138126300-A,19:53167698
rs1885572-A,20:16679517
rs1490191-?,1:151944275
rs6964854-?,7:53559913
rs6104543-?,20:46311139
rs13072940-?,3:36801132
rs215411-?,4:23421980
rs1120004-?,12:23480498
rs146678232-?,7:24737471
rs35604463-?,14:99245695
rs4240748-?,12:91853010
rs56282503-?,15:40274558
rs4925114-?,17:17807956
rs10520163-?,4:169705401
rs1975802-?,16:68251944
rs11165867-?,1:97412512
rs117074560-?,6:96011775
rs77502336-?,11:123523928
rs200327371-?,2:148671610
rs71575306-?,5:109710509
rs11740474-?,5:154301187
rs12421382-?,11:109507345
rs679087-?,12:29764332
rs10863593-?,1:207844729
rs7267348-?,20:49514499
rs34685708-?,2:161972220
rs70988775-?,5:140776321
rs3617-?,3:52799789
rs10860964-?,12:103202677
rs2053079-?,19:30496516
rs3130820-?,6:29238906
rs12009217-?,X:6002841
rs42945-?,16:58511522
rs1339227-?,6:72445999
rs1191551-?,14:29531199
rs7499750-?,16:13655408
rs7216638-?,17:2253159
rs10156310-?,8:38351611
rs12991836-?,2:144383974
rs140505938-?,1:150059494
rs13169274-?,5:138519616
rs12908161-?,15:84664594
rs1899543-?,11:24384873
rs7129727-?,11:57717188
rs11409090-?,3:17846144
rs211829-?,7:110408836
rs12898315-?,15:61561804
rs34269918-?,1:8364925
rs11685299-?,2:224526579
rs10196799-?,2:184776001
rs7801375-?,7:131882504
rs7191183-?,16:9806200
rs7010876-?,8:88252522
rs139425113-?,8:4323090
rs4650963-?,1:177340354
rs12148337-?,15:70296933
rs2007044-?,12:2235794
rs10650434-?,7:1985462
rs2660304-?,1:98046571
rs12416331-?,10:103169157
rs58033671-?,8:142238758
rs2949006-?,2:199850665
rs6065094-?,20:38824551
rs13107325-?,4:102267552
rs4144797-?,2:232697487
rs2851447-?,12:123180566
rs12293670-?,11:124743036
rs12129573-?,1:73302683
rs6002655-?,22:42207808
rs4766428-?,12:110285440
rs10083370-?,14:103847845
rs12704290-?,7:86798310
rs7701440-?,5:61325153
rs5825114-?,18:55081986
rs4936215-?,11:133982789
rs7951870-?,11:46351761
rs6434928-?,2:197439853
rs7893279-?,10:18456176
rs11646127-?,16:29954956
rs16867576-?,5:89450514
rs35774874-?,11:130941461
rs5757730-?,22:39571425
rs7596038-?,2:58156685
rs35346733-?,3:2479638
rs7508148-?,19:49648885
rs12705761-?,7:111336208
rs3743078-?,15:78602417
rs7789569-?,7:105287139
rs3735025-?,7:137390098
rs1319017-?,9:82121388
rs75968099-?,3:36817092
rs704373-?,3:63881679
rs2332700-?,14:71950609
rs14403-?,1:243500591
rs7432375-?,3:136569563
rs36043959-?,8:110459785
rs1451488-?,2:199125384
rs6694545-?,1:29964421
rs2905432-?,19:19373486
rs4648845-?,1:2455662
rs11783093-?,8:27567832
rs111294930-?,5:152797561
rs62334820-?,4:175934070
rs56807175-?,2:145678655
rs2970610-?,1:43631859
rs9607782-?,22:41191552
rs217287-?,6:83697747
rs62606711-?,X:69157361
rs61937595-?,12:57289173
rs1473594-?,8:59783967
rs2514218-?,11:113522272
rs17514846-?,15:90873320
rs16902086-?,5:45285650
rs34796896-?,3:180905467
rs2814778-C,1:159204893
rs77198048-T,9:114026974
rs7099380-A,10:18260087
rs35662245-A,2:146825619
rs11240341-T,1:205046156
rs56775891-T,18:79815613
rs7807720-A,7:110433698
rs9384900-T,6:114389931
rs8012642-C,14:84203137
rs248083-A,5:127174476
rs2247870-A,5:90855772
rs11102159-T,1:110782105
rs7273691-T,20:59678449
rs12911832-A,15:58693705
rs4632195-T,18:53220378
rs11682175-C,2:57760458
rs11693094-C,2:184736693
rs9841616-T,3:181449797
rs215411-A,4:23421980
rs4626214-G,4:96805918
rs11722779-G,4:102906331
rs2905627-T,4:104528928
rs4833558-C,4:117998342
rs7438-A,4:169721095
rs6846161-A,4:175945308
rs35751669-G,4:182716504
rs9292918-G,5:45300933
rs359260-G,2:60259801
rs12052801-A,2:68196086
rs12620761-C,2:134096560
rs78681500-C,2:200322593
rs2073499-G,3:50336862
rs1021487-C,4:58590920
rs41464545-G,4:64952689
rs2962250-G,5:51094157
rs7757969-C,6:111810829
rs2961033-C,7:76335026
rs323167-C,7:78707361
rs11534004-A,7:113827389
rs12139672-G,1:190971497
rs11240341-T,1:205046156
rs7523273-A,1:207803738
rs11127668-C,3:79866620
rs12623170-C,2:27797290
rs2372993-C,2:37334786
rs75575209-T,2:57911057
rs7596038-C,2:58156685
rs999494-C,2:72930266
rs7560272-T,2:73334357
rs35430959-C,2:76238162
rs61712019-T,2:77477763
rs62152284-T,2:104367929
rs6430491-G,2:134083396
rs2381759-A,2:145670463
rs35662245-A,2:146825619
rs12622667-C,2:148762617
rs3845702-A,2:179983761
rs7597593-T,2:184668853
rs12619354-T,2:193138056
rs10204454-T,2:193481559
rs6434928-G,2:197439853
rs895526-C,2:199297702
rs796364-C,2:199851396
rs17630293-T,2:200282053
rs217331-G,6:83634970
rs160593-G,6:105018457
rs9398171-C,6:108662324
rs9384900-T,6:114389931
rs12664251-A,6:119023381
rs12668848-G,7:1981360
rs7811417-T,7:21494534
rs112509803-C,7:24695385
rs2944823-A,7:72330485
rs12704290-G,7:86798310
rs11982256-T,7:87170125
rs221780-G,7:100699412
rs2057884-T,7:105289803
rs7807720-A,7:110433698
rs214467-A,7:111218212
rs7801375-G,7:131882504
rs3735025-T,7:137390098
rs13261217-G,8:4325535
rs12541020-T,8:4960070
rs2980436-A,8:8234503
rs11102159-T,1:110782105
rs7523654-T,1:115318644
rs12129037-T,1:150519638
rs6670165-T,1:177310985
rs9970077-A,1:177791783
rs7915131-C,10:62658896
rs7619427-G,3:44035549
rs9882618-T,3:50200112
rs2577831-C,3:52594040
rs2358740-G,3:53421542
rs1353545-C,3:60302116
rs832190-C,3:63856953
rs7372960-T,3:71205600
rs1838472-C,3:124332814
rs6804239-C,3:162062700
rs66691851-C,3:136435986
rs192812-C,3:161774043
rs4391122-A,5:61302716
rs1150754-C,6:32082981
rs9607782-A,22:41191552
rs114377514-C,6:32793729
rs111312615-T,6:29955302
rs214467-A,7:111218212
rs114508985-G,6:32932241
rs55661361-G,11:124744061
rs75059851-A,11:133952674
rs7907645-T,10:102664043
rs5995756-T,22:39604308
rs17514846-C,15:90873320
rs12902973-G,15:84562751
rs28758902-T,18:55740956
rs111364339-C,10:63098112
rs11191424-G,10:102866129
rs10786736-G,10:103089359
rs17234749-G,11:24360352
rs61882743-G,11:46527204
rs9420-A,11:57742822
rs7934083-C,11:81492479
rs1864774-C,11:83488233
rs12421382-C,11:109507345
rs4987094-A,11:113345201
rs2514218-C,11:113522272
rs77502336-C,11:123523928
rs55661361-G,11:124744061
rs10894308-G,11:131022000
rs75059851-A,11:133952674
rs2159100-T,12:2237227
rs11708578-G,3:2474210
rs10199182-A,2:22524252
rs4330281-C,3:17817874
rs10803138-G,1:243391917
rs35978510-C,1:243612815
rs1506297-T,3:30030816
rs10510653-A,3:32017067
rs3732386-T,3:36830502
rs35324223-G,11:46381302
rs61882743-G,11:46527204
rs36068923-G,8:110473532
rs66492629-A,3:2496596
rs35998080-T,1:72812932
rs2332700-C,14:71950609
rs11874716-T,18:55083457
rs10890032-T,1:73323641
rs2015244-A,1:29956096
rs13176930-T,5:153285161
rs8055219-A,16:13659527
rs7596038-C,2:58156685
rs56007784-C,17:1387656
rs4523957-T,17:2305605
rs8082590-G,17:18055088
rs72843506-A,17:20042974
rs35065479-A,17:57659374
rs12327082-T,18:34011495
rs4632195-T,18:53220378
rs7233277-A,18:55074287
rs17598729-C,18:55584331
rs715170-C,18:56128283
rs28735056-G,18:79862879
rs3764567-T,19:19329257
rs2053079-G,19:30496516
rs17439799-C,7:111101521
rs3849046-T,5:138515503
rs11685299-C,2:224526579
rs10894308-G,11:131022000
rs13261481-T,8:59789242
rs2053079-G,19:30496516
rs11027827-C,11:24353633
rs11740474-T,5:154301187
rs12421382-C,11:109507345
rs172531-G,1:8435530
rs2693698-G,14:99252882
rs6716963-A,2:193502815
rs1065861-T,5:88796133
rs67082009-A,2:145662536
rs35751669-G,4:182716504
rs17687067-C,8:17178692
rs783540-G,15:82585958
rs55833108-T,10:102981826
rs2068012-C,14:29721110
rs7653924-T,4:169281711
rs12325245-T,16:58647489
rs9695226-G,9:22759397
rs302321-C,12:29775455
rs1451488-G,2:199125384
rs4330281-C,3:17817874
rs117325001-T,8:26384756
rs117900362-C,10:23861388
rs3759413-T,12:7138610
rs10744422-T,12:122852242
rs61990820-A,14:79899927
rs76528668-T,15:33465539
rs1792709-G,18:56101744
rs172531-G,1:8435530
rs4949526-T,1:29959372
rs2970610-T,1:43631859
rs12138061-A,1:50106424
rs4347184-T,1:65848311
rs11210195-C,1:73283600
rs36025579-G,1:97337068
rs1198589-C,1:98084855
rs3756766-A,5:138337478
rs13164092-G,5:138505171
rs7733403-A,5:140774630
rs319204-T,5:146882926
rs113568682-A,5:152920194
rs2910032-C,5:153160794
rs7727515-G,5:153512744
rs11740474-T,5:154301187
rs6903570-C,6:64156964
rs34321714-G,6:72454442
rs11685299-C,2:224526579
rs2194545-G,2:228418495
rs778371-G,2:232878399
rs7529073-C,1:213974546
rs12543645-C,8:10388815
rs17687067-C,8:17178692
rs13259407-C,8:18565413
rs73219805-A,8:26415252
rs11778040-C,8:27562290
rs112537273-T,8:38390788
rs867743-G,8:59782088
rs7012816-A,8:70052508
rs7010876-T,8:88252522
rs1460583-C,8:105096365
rs16880831-G,8:110549276
rs13266463-G,8:142322332
rs7022054-G,9:7173500
rs9695226-G,9:22759397
rs10124101-G,9:36308830
rs2767713-C,9:82184622
rs3824451-C,9:98309240
rs11790388-G,9:126978004
rs7099380-A,10:18260087
rs7893279-T,10:18456176
rs61847307-C,10:52184682
rs2103655-A,20:38797315
rs7893279-T,10:18456176
rs760648-A,22:42175022
rs3617-C,3:52799789
rs2414718-A,15:61570934
rs28437878-C,15:78515530
rs12691307-A,16:29928556
rs12704290-G,7:86798310
rs4271249-T,1:97933063
rs6918354-T,6:25444386
rs758117-C,12:2404143
rs302321-C,12:29775455
rs10878577-A,12:67200061
rs4240748-G,12:91853010
rs4766428-T,12:110285440
rs28607014-C,12:117270806
rs1615350-C,12:123165788
rs34102591-G,12:123996254
rs1411740-A,13:38256005
rs10148671-C,14:29000167
rs2383377-A,14:32788708
rs12431410-C,14:59699304
rs11625793-G,14:65849165
rs2526882-G,14:70907985
rs35607894-A,14:71941921
rs13261217-G,8:4325535
rs34321714-G,6:72454442
rs1878561-A,8:8234883
rs7267348-C,20:49514499
rs7438-G,4:169721095
rs35430959-C,2:76238162
rs11982256-T,7:87170125
rs62148129-A,2:72977074
rs35978510-C,1:243612815
rs9398171-C,6:108662324
rs2734325-T,6:31977869
rs6990941-C,8:88632202
rs7022054-G,9:7173500
rs6434928-G,2:197439853
rs314272-G,6:105014129
rs7727515-G,5:153512744
rs7934083-C,11:81492479
rs9841616-T,3:181449797
rs4240748-G,12:91853010
rs12327082-T,18:34011495
rs34102591-G,12:123996254
rs7445192-G,5:140759116
rs895526-C,2:199297702
rs7010876-T,8:88252522
rs12190758-G,6:92438623
rs182812355-A,6:28913267
rs9467711-A,6:26332377
rs115123779-G,6:29510044
rs116408368-T,6:30202733
rs401754-T,6:27814760
rs16894116-G,6:28447190
rs115031589-G,6:28594812
rs115123027-T,6:30939558
rs142536810-C,6:31819390
rs116509918-G,6:31345252
rs34104395-C,6:26478024
rs116396069-C,6:30830920
rs77296290-C,6:32667519
rs149979052-C,6:31137370
rs115406947-G,6:32464869
rs35741362-T,6:27039908
rs1702294-C,1:98036428
rs144373461-C,6:29783228
rs10940346-G,5:50510208
rs4391122-A,5:61302716
rs1065861-T,5:88796133
rs2247870-A,5:90855772
rs4388249-T,5:109700365
rs248083-A,5:127174476
rs2764766-C,5:127877933
rs146300688-C,2:34062217
rs820970-G,2:57513953
rs1518395-G,2:57980939
rs115344853-A,6:32197667
rs138488080-G,6:29638984
rs114618162-G,6:31446032
rs114261345-A,6:30730764
rs115687605-C,6:30397852
rs56275179-G,6:26089112
rs144959664-G,6:30598076
rs8012642-C,14:84203137
rs2693698-G,14:99252882
rs12887734-T,14:103580497
rs12911832-A,15:58693705
rs35225048-C,15:61564064
rs12148337-T,15:70296933
rs3825845-C,15:78617916
rs783540-G,15:82585958
rs950169-C,15:84037709
rs758129-G,15:89357656
rs11539637-T,15:90885060
rs6500596-G,16:4420026
rs9922678-A,16:9852462
rs7405404-T,16:13656002
rs3814881-G,16:29989580
rs12325245-T,16:58647489
rs7193419-T,16:63663230
rs8058130-G,16:64337259
rs55757091-A,16:68289751
rs2514218-C,11:113522272
rs832190-C,3:63856953
rs4766428-T,12:110285440
rs2577831-A,3:52594040
rs210152-A,6:33547743
rs202904-C,6:28050847
rs3798869-G,6:83618941
rs34796896-G,3:180905467
rs7719676-G,5:61441122
rs4523957-T,17:2305605
rs215411-A,4:23421980
rs2057884-T,7:105289803
rs67575965-A,6:26196365
rs59979824-C,2:192983614
rs2970610-T,1:43631859
rs67981189-G,14:71005509
rs113897692-A,5:152797226
rs72804786-G,5:152938239
rs1509378-A,2:22531594
rs9922678-A,16:9852462
rs1837495-G,2:198056477
rs60005721-A,6:25262991
rs11658257-G,17:18053145
rs9859557-A,3:181113122
rs10803138-G,1:243391917
rs9859557-A,3:181113122
rs10786736-G,10:103089359
rs2163548-G,2:200362139
rs950169-C,15:84037709
rs66691851-C,3:136435986
rs7427564-G,3:136555593
rs56873913-T,19:49587942
rs2103655-A,20:38797315
rs7267348-C,20:49514499
rs7273691-T,20:59678449
rs5757730-G,22:39571425
rs714031-C,22:39674229
rs17002069-C,22:40654982
rs9607782-A,22:41191552
rs6002655-T,22:42207808
rs1024582-A,12:2293080
rs7085104-A,10:102869116
rs796364-C,2:199851396
rs12668848-G,7:1981360
rs4129585-A,8:142231572
rs10791098-T,11:130848816
rs75968099-T,3:36817092
rs1615350-C,12:123165788
rs38752-T,7:111438856
rs9461856-A,6:33427422
rs778371-G,2:232878399
rs2905426-G,19:19367213
rs2910032-C,5:153160794
rs6738529-G,2:232686251
rs73191547-T,8:10175915
rs75575209-T,2:57911057
rs2194545-G,2:228418495
rs61847307-C,10:52184682
rs12623170-C,2:27797290
rs6500596-G,16:4420026
rs28607014-C,12:117270806
rs11625793-G,14:65849165
rs9292918-G,5:45300933
rs2358740-G,3:53421542
rs1864774-C,11:83488233
rs3824451-C,9:98309240
rs221780-G,7:100699412
rs7619427-G,3:44035549
rs7915131-C,10:62658896
rs12431410-C,14:59699304
rs4626214-G,4:96805918
rs12139672-G,1:190971497
rs10124101-G,9:36308830
rs7529073-C,1:213974546
rs758129-G,15:89357656
rs13259407-C,8:18565413
rs115329265-A,6:28744470
rs150817755-T,6:29238906
rs116757206-G,6:29015497
rs114071887-G,6:29374998
rs17720293-C,6:28246920
rs16867576-A,5:89450514
rs10860964-T,12:103202677
rs4711350-G,6:33773939
rs4445544-C,10:18587155
rs7801375-G,7:131882504
rs3735025-T,7:137390098
rs6846161-A,4:175945308
rs1191551-T,14:29531199
rs715170-C,18:56128283
rs11778040-C,8:27562290
rs2767713-C,9:82184622
rs1353545-C,3:60302116
rs7193419-T,16:63663230
rs28730912-T,3:162062168
rs6670165-T,1:177310985
rs3858402-G,11:109685112
rs77502336-C,11:123523928
rs12129037-T,1:150519638
rs13217239-T,6:27287188
rs629444-C,6:25885586
rs9636107-G,18:55532886
rs12887734-T,14:103580497
rs28681284-C,15:78616223
rs1892252-C,6:25772411
rs2239063-A,12:2402665
rs308693-G,3:161767619
rs4347184-T,1:65848311
rs3756766-A,5:138337478
rs12148337-T,15:70296933
rs7372960-T,3:71205600
rs4987094-A,11:113345201
rs1506297-T,3:30030816
rs7523273-A,1:207803738
rs12619354-T,2:193138056
rs112509803-C,7:24695385
rs9420-A,11:57742822
rs12543645-C,8:10388815
rs73219805-A,8:26415252
rs14403-C,1:243500591
rs9970077-A,1:177791783
rs55757091-A,16:68289751
rs56873913-T,19:49587942
rs72843506-A,17:20042974
rs2905627-T,4:104528928
rs2383377-A,14:32788708
rs112537273-T,8:38390788
rs61712019-T,2:77477763
rs10878577-A,12:67200061
rs17002069-C,22:40654982
rs4388249-T,5:109700365
rs10204933-G,2:228206898
rs12928842-C,16:84044382
rs78885399-C,12:120741095
rs10085567-A,7:76104888
rs6946310-T,7:76306782
rs196590-C,7:36285952
rs2357066-T,1:232419607
rs11685323-C,2:213848854
rs6935231-A,6:56339106
rs6834681-A,4:81713656
rs4621267-T,22:49179065
rs1275572-C,12:75740477
rs2015748-A,21:38831045
rs17616243-T,4:94871365
chr6:163319442-G,Mapping not available
rs1449245-A,8:92576112
rs7903146-C,10:112998590
rs12407717-T,1:29953167
rs12128108-T,1:49827749
rs2318763-A,1:150143798
rs7597593-T,2:184668853
rs2535629-A,3:52799203
rs1966136-A,3:61167905
rs911186-A,6:27182820
rs1265099-A,6:31137636
rs389883-T,6:31979683
rs4976976-A,8:142230292
rs2026194-T,9:82467984
rs10774037-A,12:2311360
rs2182139-T,14:59682515
rs4906335-A,14:103554804
rs4843613-T,16:87456092
rs9951150-A,18:55153893
rs55661361-A,11:124744061
rs2535627-T,3:52811089
rs7405404-T,16:13656002
rs6466055-A,7:105288617
rs10023464-T,4:68794020
rs12767583-T,10:94787706
rs7668556-A,4:69164555
rs2472297-T,15:74735539
rs11725502-T,4:68815224
rs2011425-G,2:233718962
rs73650494-C,9:76216527
rs72756712-G,9:126140627
rs13198361-C,6:90963695
rs73215273-C,13:71829118
rs2739958-C,8:12375025
rs191312301-C,6:39007951
rs57729539-G,15:78231857
rs875777-C,7:87116064
chr2_188481671-I-?,Mapping not available
rs4494728-C,2:65362379
rs6497871-A,16:10270306
rs4843180-T,16:86719464
chr11_133764404-I-?,Mapping not available
rs180697792-A,17:69298289
rs75305337-A,3:84283982
rs3858375-T,11:95344003
rs6114731-A,20:24446544
rs151336980-T,11:120600028
rs11739808-A,5:73449216
rs482039-T,1:190808437
rs26318-C,5:116352208
rs56342621-G,19:34580876
rs189924441-G,10:92422486
rs72924216-G,6:93861140
rs75237141-G,6:72256893
rs10892827-G,11:122340282
rs12925656-C,16:65074017
chr8_80591790-D-?,Mapping not available
rs3007305-G,1:246699270
rs9475195-C,6:55196220
rs38758-A,7:110303710
rs8022689-A,14:21140827
rs66666015-T,19:38226503
chr4_23273116-D-?,Mapping not available
rs73122740-T,7:53627819
chr4_82106147-I-?,Mapping not available
rs2353181-T,2:169448746
rs118102650-A,11:9078300
rs149268645-G,2:202968295
rs73577700-T,16:80246864
rs4870888-C,8:124096736
chr4_23273116-I-?,Mapping not available
rs35107435-T,11:27227783
rs73348245-G,14:95691735
rs11004733-C,10:55089584
rs142055939-C,3:45954062
rs113988902-C,13:18950965
rs138689899-C,2:127530586
chr13_73243177-D-?,Mapping not available
rs75633108-C,1:96269629
rs186672572-C,5:117542337
rs6426297-C,1:246375079
rs141252918-G,6:151506923
rs76371172-G,15:31522252
rs113386487-T,10:13316583
rs72756712-G,9:126140627
rs9577511-G,13:113337508
rs62173322-G,2:169754519
rs149268645-G,2:202968295
rs73577700-T,16:80246864
rs4870888-C,8:124096736
chr4_23273116-I-?,Mapping not available
rs35107435-T,11:27227783
rs76371172-G,15:31522252
rs113386487-T,10:13316583
rs72756712-G,9:126140627
rs9577511-G,13:113337508
rs62173322-G,2:169754519
rs73348245-G,14:95691735
rs11004733-C,10:55089584
rs142055939-C,3:45954062
rs113988902-C,13:18950965
rs138689899-C,2:127530586
chr13_73243177-D-?,Mapping not available
rs75633108-C,1:96269629
rs186672572-C,5:117542337
rs6426297-C,1:246375079
rs141252918-G,6:151506923
rs7814396-?,8:54412644
rs11177934-?,12:40705890
rs60026510-?,2:227901491
rs4873803-?,8:143572424
rs926231-?,22:39610981
rs11693094-?,2:184736693
rs66486766-?,15:84137308
rs17194490-?,3:2506102
rs17691888-?,10:18445599
rs4642619-?,8:110475239
rs12887734-?,14:103580497
rs7951870-?,11:46351761
rs9607782-?,22:41191552
rs10750450-?,11:130849166
rs4129585-?,8:142231572
rs9636107-?,18:55532886
rs13240464-?,7:111258859
rs301797-?,1:8427263
rs8043009-?,15:78615812
rs11682175-?,2:57760458
rs55661361-?,11:124744061
rs778371-?,2:232878399
rs6065094-?,20:38824551
rs6466055-?,7:105288617
rs12704290-?,7:86798310
rs2565164-?,2:197472796
rs13168670-?,5:140767314
rs9292918-?,5:45300933
rs1355585-?,15:70294278
rs9928653-?,16:68218176
rs7523273-?,1:207803738
rs704364-?,3:63889058
rs9420-?,11:57742822
rs59724122-?,8:27567179
rs10046758-?,8:4326648
rs3735025-?,7:137390098
rs6019879-?,20:49514091
rs3858402-?,11:109685112
rs2909457-?,2:161989345
rs6864084-?,5:154305966
rs71575306-?,5:109710509
rs1339227-?,6:72445999
rs16851048-?,1:177306870
rs56282503-?,15:40274558
rs2068012-?,14:29721110
rs56873913-?,19:49587942
rs12154597-?,7:24746263
rs502834-?,11:133947438
rs9656169-?,7:110434219
rs5936660-?,X:69158094
rs10860965-?,12:103211559
rs4702-?,15:90883330
rs11210892-?,1:43634413
rs7766356-?,6:28432761
rs12244388-?,10:102880295
rs2007044-?,12:2235794
rs1702294-?,1:98036428
rs11693528-?,2:199871784
rs58120505-?,7:1990232
rs4391122-?,5:61302716
rs2535627-?,3:52811089
rs75968099-?,3:36817092
rs3798869-?,6:83618941
rs34796896-?,3:180905467
rs59979824-?,2:192983614
rs12691307-?,16:29928556
rs7405404-?,16:13656002
rs35225048-?,15:61564064
rs12129573-?,1:73302683
rs2514218-?,11:113522272
rs2905426-?,19:19367213
rs6984242-?,8:59787910
rs1498232-?,1:29961104
rs2332700-?,14:71950609
rs7427564-?,3:136555593
rs2910032-?,5:153160794
rs3849046-?,5:138515503
rs2053079-?,19:30496516
rs6430095-?,2:145682377
rs4523957-?,17:2305605
rs11139497-?,9:82125026
rs12363019-?,11:24352999
rs12325245-?,16:58647489
rs4648845-?,1:2455662
rs4908972-?,3:17754700
rs1106568-?,4:175940150
rs62378245-?,5:89448145
rs7235891-?,18:55787543
rs11685299-?,2:224526579
rs7191183-?,16:9806200
rs7927176-?,11:123525156
rs6990941-?,8:88632202
rs7299943-?,12:123108938
rs10803138-?,1:243391917
rs8082590-?,17:18055088
rs12647126-?,4:169455554
rs6704641-?,2:199299529
rs679087-?,12:29764332
rs2693698-?,14:99252882
rs7801375-?,7:131882504
rs215411-?,4:23421980
rs73627050-?,X:6094587
rs10866912-A,8:143573145
rs6002655-?,22:42207808
rs56055643-A,3:39431138
rs268134-?,2:65381229
rs2143103-?,1:22103576
rs2015244-?,1:29956096
rs11209970-?,1:41377768
rs6712515-?,2:100190052
rs72906060-?,2:156053895
rs6723841-?,2:161023105
rs4664442-?,2:161971491
rs9784123-?,2:171928495
rs3769309-?,2:172815054
rs4666990-?,2:184798577
rs17656017-?,2:192981548
rs788021-?,2:197428967
rs1451488-?,2:199125384
rs2949006-?,2:199850665
rs13010104-?,2:207504489
rs35559831-?,2:103486682
rs9441956-?,1:221783857
rs77609760-?,2:141601381
rs76076331-?,2:10837459
rs12991836-?,2:144383974
rs72807818-?,2:51591881
rs11688767-?,2:57761059
rs7599488-?,2:60491212
rs11617058-?,13:84718977
rs9634624-?,13:91376987
rs9556958-?,13:98447792
rs2251499-?,13:105987507
rs9989230-?,14:22912771
rs12897763-?,14:29169732
rs1959440-?,14:29739424
rs2239647-?,14:32823537
rs67652508-?,14:55088650
rs7146434-?,14:64259785
rs989501-?,14:70894697
rs34328930-?,14:71971007
rs58694847-?,14:84450167
rs35229468-?,14:103585720
rs117799466-?,15:34367316
rs1813760-?,15:47270920
rs2414718-?,15:61570934
rs28513670-?,15:65690339
rs4468571-?,15:77727790
rs28669908-?,15:78617925
rs17507216-?,15:82558175
rs11638445-?,15:84594463
rs4702-?,15:90883330
rs117304774-?,16:10057377
rs1035578-?,16:12437508
rs72945305-?,11:81479198
rs556587-?,11:92588310
rs607816-?,11:95990161
rs12421382-?,11:109507345
rs12574893-?,11:113046389
rs2514218-?,11:113522272
rs10892806-?,11:122127545
rs75261250-?,11:124409893
rs55661361-?,11:124744061
rs10791106-?,11:130976537
rs1550972-?,11:131421915
rs4936216-?,11:133983113
rs2007044-?,12:2235794
rs11055980-?,12:14458588
rs708212-?,12:31400104
rs1054442-?,12:48995537
rs117124817-?,12:49615386
rs3741434-?,12:53211560
rs7302200-?,12:56055651
rs12826178-?,12:57228588
rs7131944-?,12:91765780
rs4766428-?,12:110285440
rs1615350-?,12:123165788
rs7321596-?,13:43898119
rs7319102-?,13:57678667
rs4561819-?,3:2485619
rs9846711-?,3:16821370
rs6801153-?,3:24072206
rs4678552-?,3:36803031
rs7429990-?,3:47860313
rs4688756-?,3:50002761
rs35971989-?,3:51431798
rs2710323-?,3:52781889
rs832187-?,3:63847374
rs6779258-?,3:71500488
rs62263923-?,3:85625640
rs9868075-?,3:107549762
rs2866466-?,3:119038184
rs9289296-?,3:127425764
rs7432375-?,3:136569563
rs13076861-?,3:180969810
rs3095075-?,4:3251456
rs207338-?,4:19052136
rs215412-?,4:23421963
rs6844280-?,4:31385522
rs13145146-?,4:65564907
rs11725618-?,4:66188051
rs35225200-?,4:102225731
rs7674220-?,4:105227601
rs10006235-?,4:129748953
rs11100307-?,4:139846549
rs28600726-?,4:158730723
rs7683893-?,4:169282216
rs13136968-?,4:175713861
rs71615297-?,4:178095326
rs4493682-?,5:45187922
rs13157551-?,5:57368769
rs2434582-?,5:58304690
rs1526896-?,5:61063883
rs10061788-?,5:88638889
rs62378245-?,5:89448145
rs1560208-?,5:89990437
rs2283-?,5:107437922
rs12189452-?,5:107837492
rs73260443-?,5:114119850
rs406204-?,5:114539463
rs2531360-?,5:140737079
rs7444191-?,5:152871873
rs11740474-?,5:154301187
rs2144683-?,6:14717284
rs6459480-?,6:16663232
rs7774567-?,6:25425298
rs482786-?,6:33739822
rs91894-?,6:83678186
rs117074560-?,6:96011775
rs1076884-?,16:13653946
rs2966157-?,16:15062041
rs11130-?,16:15724453
rs7359397-?,16:28874338
rs3814883-?,16:29983601
rs16953305-?,16:54278937
rs818415-?,16:65414176
rs11861362-?,16:68384889
rs11647188-?,16:82614909
rs7214058-?,17:10080017
rs12602286-?,17:19333641
rs17638867-?,17:35725494
rs35076622-?,17:45779092
rs28584904-?,17:70999077
rs3809912-?,18:12947463
rs4800490-?,18:23546117
rs56791590-?,18:28799186
rs1941955-?,18:37582875
rs12967828-?,18:38549487
rs2576035-?,18:47061283
rs1431196-?,18:53305732
rs9636107-?,18:55532886
rs28491529-?,18:78129301
rs72986630-?,19:11738921
rs12462428-?,19:16583799
rs302719-?,1:8430260
rs7557781-?,2:71386784
rs7602651-?,2:73109679
rs12410444-?,1:43723048
rs12124523-?,1:72155780
rs4130548-?,1:77998184
rs1008078-?,1:90724174
rs236318-?,1:93584664
rs6685859-?,1:97357213
rs80289781-?,1:97980274
rs2297797-?,1:109498058
rs2477432-?,1:111642655
rs72694951-?,1:150146987
rs3027001-?,1:159199673
rs12139351-?,1:199471855
rs3747631-?,1:204618441
rs35771425-?,1:211436426
rs62154720-?,2:105306623
rs2256126-?,1:243340806
rs4273169-?,2:143473740
rs10490175-?,2:50855616
rs4398228-?,2:154674692
rs7558283-?,2:214424561
rs67890737-?,2:228119928
rs6704768-?,2:232727791
rs56236451-?,2:236148196
rs13267290-?,8:110466092
rs11166628-?,8:136066082
rs13266268-?,8:141601871
rs4129585-?,8:142231572
rs11774212-?,8:144461122
rs4741594-?,9:1748795
rs10961430-?,9:14224064
rs10757417-?,9:23347855
rs4744899-?,9:69461631
rs2889964-?,9:85386557
rs4240470-?,9:121859450
rs10993909-?,9:134067044
rs10752262-?,10:12353101
rs4748466-?,10:18444364
rs10994707-?,10:61291201
rs11598767-?,10:62421587
rs10995426-?,10:63080258
rs12773625-?,10:66919791
rs1408579-?,10:100152437
rs12764899-?,10:102875346
rs11192193-?,10:104809495
rs55771711-?,10:131989233
rs10831912-?,11:12834867
rs12365432-?,11:24364037
rs11038927-?,11:46577698
rs9375031-?,6:97968029
rs4945816-?,6:108680839
rs9372208-?,6:109274965
rs77578042-?,6:119015301
rs9371912-?,6:155673423
rs58120505-?,7:1990232
rs6952006-?,7:8094664
rs2390982-?,7:24614159
rs1376289-?,7:32447368
rs35417702-?,7:72274931
rs12704290-?,7:86798310
rs2188179-?,7:93052129
rs7776707-?,7:104965083
rs12532143-?,7:111385892
rs7783012-?,7:114476826
rs1362739-?,7:133746181
rs4732129-?,7:135540408
rs320700-?,7:137364731
rs11765189-?,7:157743285
rs73191547-?,8:10175915
rs73219806-?,8:26421657
rs12541339-?,8:34146657
rs1870571-?,8:79322335
rs11786685-?,8:80363600
rs3890699-?,8:109201735
rs6065094-?,20:38824551
rs348276-?,20:49169653
rs1810868-?,21:41279554
rs132570-?,22:39580123
rs133047-?,22:40631815
rs9607782-?,22:41191552
rs1800754-?,22:42141587
rs5767976-?,22:47763237
rs68178377-?,22:50313721
rs9616914-?,22:50678709
rs8063446-?,16:68310460
rs112845369-?,15:93627884
rs75608493-?,1:177796886
rs2077586-?,2:72934422
rs776877-?,2:153941017
rs1546733-?,3:105690477
rs7720513-?,5:173402299
rs117433199-?,13:78393555
rs78129933-?,2:8241153
rs62097526-?,18:12291681
rs62344853-?,4:177607660
rs74820080-?,9:112966650
rs7938982-?,11:24708480
rs191168-?,5:3036482
rs60232573-?,5:149400276
rs1525085-?,7:14600073
rs1052990-?,7:116508316
rs10114227-?,9:75600670
rs3779511-?,7:116501724
rs73909111-?,20:40920595
rs7938982-?,11:24708480
rs12460932-?,19:35513269
rs56910685-?,13:78424804
rs1411552-?,13:109718917
rs4660761-?,1:43974474
rs848293-?,2:58155355
rs17592552-?,2:200311348
rs2073499-?,3:50336862
rs76442143-?,3:51006168
rs10935182-?,3:136418580
rs4856763-?,3:162113887
rs13096176-?,3:181034350
rs6832165-?,4:24268587
rs13142920-?,4:175807463
rs4479913-?,6:164654177
rs320696-?,7:137362391
rs11986274-?,8:38401963
rs2612614-?,8:64398279
rs4147157-?,10:102776603
rs10861879-?,12:108215857
rs1984658-?,12:122998879
rs9567393-?,13:32189620
rs9890128-?,17:1370352
rs11665111-?,18:79862996
rs55642704-?,18:79928124
rs10515678-?,5:152943676
rs2927176-?,5:153222354
rs6864084-?,5:154305966
rs9342117-?,6:64081515
rs217289-?,6:83692088
rs117074560-?,6:96011775
rs160593-?,6:105018457
rs2153960-?,6:108666981
rs7811417-?,7:21494534
rs112316332-?,7:23453994
rs79210963-?,7:24678350
rs79527984-?,7:72387188
rs323169-?,7:78708384
rs1357318-?,7:94638550
rs2057884-?,7:105289803
rs9656169-?,7:110434219
rs214475-?,7:111227479
rs7785663-?,7:137385552
rs66691851-?,3:136435986
rs10517289-?,4:33645261
rs13107325-?,4:102267552
rs7676765-?,4:103016776
rs2333321-?,4:175938841
rs6874127-?,5:45305513
rs11958187-?,5:147055600
rs200528994-?,5:152599547
rs1716180-?,12:123197534
rs9567393-?,13:32189620
rs4243617-?,14:59698352
rs2189806-?,14:70921681
rs2190864-?,14:71949502
rs10873538-?,14:103789232
rs2957582-?,15:43965756
rs793571-?,15:58849507
rs35225048-?,15:61564064
rs28681284-?,15:78616223
rs4702-?,15:90883330
rs41356645-?,16:9852062
rs3814881-?,16:29989580
rs2010476-?,16:64339990
rs58146172-?,17:2210774
rs72639203-?,17:19188139
rs61257528-?,17:20028279
rs4793885-?,17:57650863
rs73477270-?,18:55425653
rs9636107-?,18:55532886
rs72934570-?,18:55865958
rs11878180-?,19:2686463
rs72986630-?,19:11738921
rs12104272-?,19:49644795
rs7271624-?,20:49512632
rs9975024-?,21:15067562
rs5757730-?,22:39571425
rs6633421-?,X:21551802
rs5943630-?,X:29258095
rs7067170-?,X:69162993
rs942820-?,1:2448266
rs172531-?,1:8435530
rs533123-?,1:28814643
rs75970938-?,10:103033891
rs7926389-?,11:46690304
rs11230827-?,11:61919982
rs12421382-?,11:109507345
rs77502336-?,11:123523928
rs55661361-?,11:124744061
rs10791099-?,11:130848918
rs2917568-?,11:132698359
rs302321-?,12:29775455
rs10861879-?,12:108215857
rs4766428-?,12:110285440
rs28607014-?,12:117270806
rs11615992-?,12:121189465
rs76432012-?,2:199712044
rs2949006-?,2:199850665
rs17592552-?,2:200311348
rs11685299-?,2:224526579
rs17164-?,2:232728789
rs17194490-?,3:2506102
rs59721702-?,3:32021957
rs3732386-?,3:36830502
rs2293018-?,3:49906323
rs2236989-?,3:50467964
rs138636117-?,3:50636095
rs76442143-?,3:51006168
rs117465168-?,3:51263988
rs2577831-?,3:52594040
rs2358740-?,3:53421542
rs832190-?,3:63856953
rs3849490-?,3:76420223
rs12083902-?,1:35809511
rs2801578-?,1:65866972
rs975025-?,1:179369192
rs7596038-?,2:58156685
rs7599488-?,2:60491212
rs999494-?,2:72930266
rs2381760-?,2:145683104
rs13004237-?,Mapping not available
rs4666990-?,2:184798577
rs6986895-?,8:4959350
rs17687067-?,8:17178692
rs2634447-?,8:18584841
rs117325001-?,8:26384756
rs73229090-?,8:27584610
rs6983764-?,8:54828373
rs6994019-?,8:88256314
rs4734654-?,8:102657763
rs13262595-?,8:142235609
rs2767713-?,9:82184622
rs13284900-?,9:126943228
rs1043009-?,10:3777522
rs1926026-?,10:18436730
rs61847303-?,10:52180766
rs76262184-?,5:153415751
rs9257566-?,6:29176755
rs6938026-?,6:43217995
rs4479913-?,6:164654177
rs58120505-?,7:1990232
rs13230421-?,7:86790810
rs74912003-?,7:87252657
rs28886334-?,3:161749343
rs6804239-?,3:162062700
rs4855019-?,3:181120856
rs9841616-?,3:181449797
rs215412-?,4:23421963
rs4697446-?,4:24267999
rs1997529-?,4:96819992
rs28419375-?,4:117906596
rs57346805-?,4:169382833
rs7673823-?,4:175804069
rs13142920-?,4:175807463
rs13355485-?,5:45904032
rs8188203-?,5:50161448
rs4132385-?,5:61319052
rs419677-?,5:109676609
rs13164092-?,5:138505171
rs7733403-?,5:140774630
rs71428218-?,13:56374126
rs9569820-?,13:58128612
rs75365967-?,14:29004453
rs1191551-?,14:29531199
rs1676062-?,14:84178478
rs783540-?,15:82585958
rs11633534-?,15:84581411
rs758129-?,15:89357656
rs13335685-?,16:4419283
rs7499362-?,16:13655059
rs9890128-?,17:1370352
rs4365348-?,17:18009234
rs1440849-?,18:29921527
rs12969453-?,18:55084477
rs337718-?,18:72107043
rs11663602-?,18:79818191
rs1792709-?,18:56101744
rs28735056-?,18:79862879
rs3810449-?,19:36040011
rs1075195-?,20:38718108
rs6128857-?,20:38738094
rs5757773-?,22:39691384
rs9607782-?,22:41191552
rs77441740-?,22:41933271
rs6694545-?,1:29964421
rs12363019-?,11:24352999
rs11038391-?,11:45308670
rs9420-?,11:57742822
rs7951609-?,11:79519877
rs2514218-?,11:113522272
rs7127399-?,11:124591378
rs3802924-?,11:133957838
rs2159100-?,12:2237227
rs61937595-?,12:57289173
rs10777342-?,12:91863357
rs147786161-?,12:122099234
rs111589530-?,12:122830405
rs1483245-?,2:185182339
rs13019859-?,2:193062410
rs7605813-?,2:197510605
rs1451488-?,2:199125384
rs6797774-?,3:30262715
rs17635239-?,3:45265142
rs374528934-?,3:50312945
rs62244881-?,3:71519926
rs11210892-?,1:43634413
rs946106-?,1:49462817
rs12031518-?,1:96708350
rs1198588-?,1:98087276
rs1999512-?,1:110779397
rs2319280-?,1:150042041
rs61826793-?,1:173677634
rs6670165-?,1:177310985
rs11587347-?,1:239035659
rs6703335-?,1:243445665
rs13376709-?,1:243527189
rs4632296-?,2:27802117
rs59159185-?,2:57874972
rs12328348-?,2:60558802
rs62152284-?,2:104367929
rs6721549-?,2:134084736
rs13261217-?,8:4325535
rs3088186-?,8:10368845
rs78895722-?,8:34223067
rs7001340-?,8:38404715
rs867743-?,8:59782088
rs148415900-?,8:64405112
rs6995307-?,8:110494336
rs72829007-?,10:62328196
rs112222723-?,10:63102717
rs3929747-?,10:102454510
rs7476192-?,10:102889618
rs7618871-?,3:136681578
rs7785663-?,7:137385552
rs7968921-?,12:23807243
rs8054556-?,16:29946895
rs8066384-?,17:80651956
rs8084351-?,18:53200189
rs9360557-?,6:72423043
rs9636107-?,18:55532886
rs9677504-?,2:214317165
rs9787523-?,10:104700702
rs9834970-?,3:36814539
rs9922678-?,16:9852462
rs10043984-?,5:138376432
rs10108980-?,8:4333924
rs10149470-?,14:103551616
rs10211550-?,2:197518575
rs10265001-?,7:140965721
rs10491964-?,12:2391265
rs10514301-?,5:88643836
rs10745841-?,12:99099957
rs10791097-?,11:130848735
rs10883832-?,10:103111522
rs11231640-?,11:63923577
rs11570190-?,11:57792980
rs11658257-?,17:18053145
rs4391122-?,5:61302716
rs4481150-?,3:52803777
rs4495234-?,5:146899328
rs4526442-?,9:37207272
rs4619651-?,2:96750416
rs4647903-?,8:38415064
rs4682973-?,3:44383347
rs4730387-?,7:109460357
rs4766428-?,12:110285440
rs4906364-?,14:103748005
rs4916723-?,5:88558577
rs5757717-?,22:39546229
rs5758265-?,22:41221893
rs6047287-?,20:21170477
rs6125656-?,20:49474242
rs6471814-?,8:59785315
rs6694545-?,1:29964421
rs6969410-?,7:110428958
rs7071123-?,10:18437289
rs7085104-?,10:102869116
rs7193263-?,16:6265879
rs7200826-?,16:12972976
rs7405404-?,16:13656002
rs7521492-?,1:163758686
rs7531118-?,1:72371556
rs11688767-?,2:57761059
rs11693528-?,2:199871784
rs11866581-?,16:66130620
rs11874716-?,18:55083457
rs11887562-?,2:22400520
rs12129573-?,1:73302683
rs12474906-?,2:27810671
rs12658451-?,5:104568336
rs12668848-?,7:1981360
rs12704290-?,7:86798310
rs12712388-?,2:22323759
rs12826178-?,12:57228588
rs12894153-?,14:59689975
rs12898460-?,15:38694612
rs12958048-?,18:55434367
rs13217619-?,6:28338894
rs13240464-?,7:111258859
rs28669119-?,5:88909036
rs28681284-?,15:78616223
rs34215985-?,4:42045761
rs35225200-?,4:102225731
rs35346733-?,3:2479638
rs35610290-?,2:193514178
rs35774874-?,11:130941461
rs36063234-?,14:32940606
rs55648125-?,6:50849005
rs55661361-?,11:124744061
rs58235352-?,12:120748443
rs59979824-?,2:192983614
rs61867293-?,10:104804166
rs61882743-?,11:46527204
rs62526783-?,8:110458937
rs71395455-?,15:84610573
rs75059851-?,11:133952674
rs77135925-?,17:29168251
rs78337797-?,12:23834991
rs79879286-?,7:24786970
rs80256351-?,2:57844458
rs80318442-?,8:34428027
rs111294930-?,5:152797561
rs116755193-?,5:124916190
rs117956829-?,11:89606498
rs140505938-?,1:150059494
rs142462188-?,1:177405627
rs144158419-?,18:55887502
rs188099135-?,8:27554275
rs4702-?,15:90883330
rs12552-?,13:53051646
rs27419-?,5:53125108
rs174592-?,11:61851136
rs247910-?,5:88334952
rs301799-?,1:8429242
rs395138-?,13:43696758
rs631399-?,15:37393066
rs732381-?,22:39655161
rs746839-?,8:141607161
rs760648-?,22:42175022
rs778353-?,2:232923640
rs832190-?,3:63856953
rs880090-?,19:19629920
rs915057-?,14:64219489
rs1002656-?,1:36727140
rs1226412-?,2:156254801
rs1484144-?,4:79296443
rs1501361-?,5:45326671
rs1518367-?,2:197942291
rs1615350-?,12:123165788
rs1702294-?,1:98036428
rs1730054-?,3:158237129
rs1806153-?,11:31828558
rs1950829-?,14:41628734
rs2047568-?,12:120805987
rs2057884-?,7:105289803
rs2098651-?,5:167564265
rs2103655-?,20:38797315
rs2300861-?,14:32825575
rs2332700-?,14:71950609
rs2388334-?,6:98143746
rs2391734-?,1:96139035
rs2391769-?,1:96513405
rs2414718-?,15:61570934
rs2514218-?,11:113522272
rs2522831-?,7:82818784
rs2693698-?,14:99252882
rs2801578-?,1:65866972
rs2842198-?,1:43465067
rs2910032-?,5:153160794
rs3001723-?,1:43572014
rs3798869-?,6:83618941
rs3812984-?,16:72173898
rs4129585-?,8:142231572
rs4242470-?,8:51733738
rs4244354-?,10:102666420
rs4298967-?,12:2299028
rs4380187-?,2:184947213
rs2003490-?,14:74910852
rs10252923-A,7:91275726
rs60490907-?,8:124570463
rs2959223-A,2:45018026
rs9463787-G,6:52431785
rs117188076-T,8:24543885
rs74675399-A,19:3148871
rs17018359-?,2:79989050
rs16945898-?,17:12322858
rs1561296-?,2:200443394
rs1791244-?,18:39489348
rs1446296-C,2:37989273
rs4253405-G,4:186269656
rs2188177-?,7:93029846
rs10023464-T,4:68794020
rs12767583-T,10:94787706
rs3732218-A,2:233718658
rs10000284-T,4:68803465
rs2472297-T,15:74735539
rs6694545-?,1:29964421
rs11210892-?,1:43634413
rs35998080-?,1:72812932
rs1023330-?,1:95121217
rs1198588-?,1:98087276
rs140505938-?,1:150059494
rs7521492-?,1:163758686
rs72769124-?,1:239046758
rs12691548-?,1:243656826
rs11903391-?,2:22418280
rs12474906-?,2:27810671
rs11682175-?,2:57760458
rs11899902-?,2:73404436
rs4619651-?,2:96750416
rs11693094-?,2:184736693
rs59979824-?,2:192983614
rs6748251-?,2:193603800
rs6434928-?,2:197439853
rs796364-?,2:199851396
rs747462-?,2:232925461
rs17194490-?,3:2506102
rs9834970-?,3:36814539
rs4481150-?,3:52803777
rs832187-?,3:63847374
rs7636341-?,3:76172528
rs10935185-?,3:136571687
rs13097727-?,3:180934082
rs13107325-?,4:102267552
rs7653924-?,4:169281711
rs62366215-?,5:61253693
rs454822-?,5:88254278
rs10043984-?,5:138376432
rs4835691-?,5:138602884
rs72799198-?,5:152811145
rs2910032-?,5:153160794
rs11740474-?,5:154301187
rs215011-?,6:25384133
rs9358912-?,6:26210918
rs75782365-?,6:26408323
rs7085104-?,10:102869116
rs79780963-?,10:103192742
rs61867294-?,10:104809449
rs12363019-?,11:24352999
rs61882743-?,11:46527204
rs3858402-?,11:109685112
rs2514218-?,11:113522272
rs55661361-?,11:124744061
rs73022874-?,11:130861542
rs11223656-?,11:133973078
rs4298967-?,12:2299028
rs672107-?,12:29764333
rs3741434-?,12:53211560
rs12826178-?,12:57228588
rs10735362-?,12:99101208
rs10860964-?,12:103202677
rs2851447-?,12:123180566
rs10149407-?,14:29718199
rs34542576-?,14:71068776
rs7143919-?,14:71967285
rs2693698-?,14:99252882
rs61637848-?,14:103629694
rs3743078-?,15:78602417
rs748455-?,15:84606344
rs4702-?,15:90883330
rs6922815-?,6:27343879
rs34706883-?,6:27837477
rs144478515-?,6:28593450
rs185053056-?,6:28712999
rs144447022-?,6:29276442
rs114187207-?,6:29388810
rs115374247-?,6:29642504
rs114460660-?,6:33227606
rs169738-?,6:33569769
rs2016358-?,6:83574014
rs12190758-?,6:92438623
rs111611027-?,7:2105994
rs73060317-?,7:21480594
rs79210963-?,7:24678350
rs12704290-?,7:86798310
rs13233308-?,7:87615644
rs7776707-?,7:104965083
rs12668724-?,7:111494001
rs7785663-?,7:137385552
rs13236223-?,7:140967165
rs74804370-?,8:34141053
rs4647903-?,8:38415064
rs7819570-?,8:88576397
rs4129585-?,8:142231572
rs7893279-?,10:18456176
rs9922678-?,16:9852462
rs8055219-?,16:13659527
rs12691307-?,16:29928556
rs4632195-?,18:53220378
rs11874716-?,18:55083457
rs76641465-?,18:55319930
rs9636107-?,18:55532886
rs144158419-?,18:55887502
rs1789567-?,18:56123888
rs4812322-?,20:38854787
rs7267348-?,20:49514499
rs5995756-?,22:39604308
rs133047-?,22:40631815
rs5758265-?,22:41221893
rs1023497-?,22:41944504
rs760648-?,22:42175022
rs80256351-?,2:57844458
rs10491964-?,12:2391265
rs10946817-?,6:26363828
rs72841270-?,10:102882480
rs7312955-?,12:123263236
rs7653924-?,4:169281711
rs6868457-?,5:61254214
rs35017470-?,5:88431287
rs16867576-?,5:89450514
rs3849046-?,5:138515503
rs13361438-?,5:152627515
rs13176930-?,5:153285161
rs11740474-?,5:154301187
rs73388146-?,6:25170440
rs6918354-?,6:25444386
rs34661691-?,6:26173250
rs13218591-?,6:26376604
rs2022272-?,6:27135801
rs7746199-?,6:27293545
rs144478515-?,6:28593450
rs115329265-?,6:28744470
rs145501595-?,6:29445191
rs115374247-?,6:29642504
rs114460660-?,6:33227606
rs210155-?,6:33549254
rs12190758-?,6:92438623
rs111611027-?,7:2105994
rs12704290-?,7:86798310
rs13233308-?,7:87615644
rs67575965-?,6:26196365
rs2192932-?,7:105012818
rs12532143-?,7:111385892
rs7819570-?,8:88576397
rs13262595-?,8:142235609
rs7893279-?,10:18456176
rs7085104-?,10:102869116
rs79780963-?,10:103192742
rs11027827-?,11:24353633
rs61882743-?,11:46527204
rs12421382-?,11:109507345
rs2514218-?,11:113522272
rs55661361-?,11:124744061
rs35274053-?,11:130848319
rs75059851-?,11:133952674
rs1024582-?,12:2293080
rs2239063-?,12:2402665
rs679087-?,12:29764332
rs3741434-?,12:53211560
rs12826178-?,12:57228588
rs4766428-?,12:110285440
rs2851447-?,12:123180566
rs2068012-?,14:29721110
rs34542576-?,14:71068776
rs2332700-?,14:71950609
rs34053174-?,14:99255953
rs4906364-?,14:103748005
rs3743078-?,15:78602417
rs12902973-?,15:84562751
rs4702-?,15:90883330
rs7185124-?,16:13656837
rs11874716-?,18:55083457
rs76641465-?,18:55319930
rs9636107-?,18:55532886
rs72936314-?,18:55913446
rs1789567-?,18:56123888
rs2103655-?,20:38797315
rs8139773-?,22:39579686
rs9607782-?,22:41191552
rs1023500-?,22:41944840
rs760648-?,22:42175022
rs11210892-?,1:43634413
rs1198588-?,1:98087276
rs9428966-?,1:243504598
rs13011472-?,2:57734467
rs7599488-?,2:60491212
rs9330316-?,2:109526659
rs11693094-?,2:184736693
rs6434928-?,2:197439853
rs281768-?,2:199960517
rs7577690-?,2:219180313
rs6704768-?,2:232727791
rs17620999-?,3:2519872
rs75968099-?,3:36817092
rs2535627-?,3:52811089
rs832190-?,3:63856953
rs940174-?,3:136590868
rs34312605-?,3:180872509
rs13107325-?,4:102267552
rs185053056-?,6:28712999
rs185071033-?,6:28746191
rs3740393-?,10:102876898
rs7312955-?,12:123263236